company_id,founding_year,industry,employees,initial_funding_usd,marketing_spend_pct,revenue_growth_pct
CO00001,2019,retail,45,772417,14.91,25.67
CO00002,2016,services,27,7618870,8.11,40.5
CO00003,2022,healthcare,82,4266831,0.2,46.83
CO00004,2024,healthcare,16,8827346,17.04,54.21
CO00005,2021,manufacturing,61,6832869,24.53,44.49
CO00006,2021,healthcare,171,10078339,2.06,27.79
CO00007,2021,retail,43,44077,22.09,32.45
CO00008,2022,healthcare,73,1615011,19.04,37.63
CO00009,2017,healthcare,59,5058806,14.38,45.27
CO00010,2021,manufacturing,221,7261192,1.45,18.48
CO00011,2019,manufacturing,48,94708,27.71,38.36
CO00012,2022,manufacturing,67,1647486,14.32,37.17
CO00013,2018,tech,32,514219,11.99,51.01
CO00014,2022,healthcare,15,17789526,25.84,45.47
CO00015,2012,services,10,27595,25.37,28.74
CO00016,2021,healthcare,118,94979,21.82,44.1
CO00017,2024,tech,12,11834,24.88,60.22
CO00018,2023,healthcare,70,590799,3.73,34.81
CO00019,2021,retail,50,40942554,22.83,28.23
CO00020,2012,healthcare,83,404868,9.84,53.77
CO00021,2018,healthcare,20,541482,26.02,51.97
CO00022,2021,healthcare,15,1329718,11.11,43.24
CO00023,2024,healthcare,48,350606,1.63,24.87
CO00024,2023,tech,25,919929,12.43,46.82
CO00025,2017,retail,10,969391,22.7,42.99
CO00026,2021,retail,230,81543,15.03,25.91
CO00027,2020,manufacturing,15,366555,22.91,25.79
CO00028,2024,healthcare,12,1951025,1.06,36.97
CO00029,2016,services,26,2833865,5.31,29.52
CO00030,2012,manufacturing,116,5938714,16.91,40.84
CO00031,2021,healthcare,5,865335,11.56,49.14
CO00032,2022,tech,107,901280,20.41,43.18
CO00033,2022,services,13,1983492,28.88,36.97
CO00034,2022,manufacturing,43,134653,19.8,29.58
CO00035,2013,retail,17,124050,12.52,25.71
CO00036,2019,services,243,344691,16.27,25.37
CO00037,2021,healthcare,38,34543,27.38,35.63
CO00038,2021,healthcare,16,998292,20.19,37.94
CO00039,2020,healthcare,25,3606196,24.1,50.47
CO00040,2021,healthcare,36,106928,9.05,34.85
CO00041,2018,manufacturing,40,1056316,22.33,51.18
CO00042,2017,tech,51,125710,4.18,43.89
CO00043,2016,healthcare,33,57921,22.49,33.87
CO00044,2020,manufacturing,8,26993916,26.45,26.15
CO00045,2019,services,24,59607,27.01,43.93
CO00046,2017,tech,61,34247,3.5,33.66
CO00047,2022,healthcare,17,679716,24.9,58.54
CO00048,2018,healthcare,65,756942,3.3,37.55
CO00049,2011,healthcare,34,1680268,14.35,27.16
CO00050,2018,tech,27,24214352,20.48,46.41
CO00051,2019,healthcare,109,93502,14.53,31.24
CO00052,2018,services,6,139124,10.2,37.61
CO00053,2021,tech,17,11046354,20.51,45.61
CO00054,2016,manufacturing,114,2894281,19.83,29.43
CO00055,2024,manufacturing,206,2191644,17.49,12.34
CO00056,2016,services,326,135979,15.85,24.12
CO00057,2024,tech,35,4204964,21.17,55.45
CO00058,2010,manufacturing,52,2205281,12.09,38.18
CO00059,2013,services,75,646335,2.06,31.05
CO00060,2022,services,119,137330,16.12,25.96
CO00061,2022,services,45,547649,21.7,51.85
CO00062,2023,services,84,11958749,8.97,34.22
CO00063,2019,services,52,49615,4.22,34.19
CO00064,2017,tech,56,89357,27.36,45.22
CO00065,2024,services,13,126045,25.91,42.25
CO00066,2016,retail,24,194533,18.55,26.52
CO00067,2020,manufacturing,20,428705,23.6,34.14
CO00068,2020,manufacturing,10,3009071,29.06,43.46
CO00069,2020,healthcare,6,1113287,17.08,41.05
CO00070,2023,retail,22,499659,7.33,24.12
CO00071,2024,retail,25,769877,19.16,37.7
CO00072,2017,services,37,1541061,27.44,37.74
CO00073,2020,services,58,15315,20.7,22.45
CO00074,2017,retail,40,3772197,0.79,29.79
CO00075,2016,retail,26,84725,27.51,35.47
CO00076,2019,healthcare,13,182221,22.61,44.29
CO00077,2019,healthcare,80,874030,12.05,43.41
CO00078,2024,tech,30,380479,29.62,59.32
CO00079,2015,retail,21,1171576,21.65,35.47
CO00080,2024,services,27,587514,24.76,33.26
CO00081,2023,tech,16,248037,28.29,48.3
CO00082,2020,tech,19,9412191,1.19,48.78
CO00083,2021,tech,19,1823249,23.23,54.25
CO00084,2024,manufacturing,25,809550,11.59,21.72
CO00085,2021,manufacturing,64,1767434,26.07,26.46
CO00086,2013,retail,50,107941,26.37,40.03
CO00087,2020,tech,156,34261864,24.86,50.24
CO00088,2021,services,111,50247,23.38,41.26
CO00089,2011,healthcare,234,554785,23.83,45.46
CO00090,2016,retail,58,249483,8.9,24.54
CO00091,2023,services,57,231230,12.2,41.24
CO00092,2018,services,20,178347,3.45,31.54
CO00093,2018,manufacturing,76,94521,24.92,30.31
CO00094,2021,manufacturing,17,4764410,19.38,14.95
CO00095,2020,tech,8,39759,18.38,38.81
CO00096,2016,healthcare,152,3163304,7.38,28.24
CO00097,2019,healthcare,9,1618605,18.45,43.47
CO00098,2018,services,51,206533,13.64,35.38
CO00099,2019,healthcare,14,1283645,29.86,52.49
CO00100,2019,services,102,322610,25.89,41.37
CO00101,2021,services,117,48922,15.78,25.69
CO00102,2021,healthcare,56,49967,24.25,48.4
CO00103,2014,tech,115,1641109,4.94,54.52
CO00104,2023,retail,33,1479390,3.04,24.42
CO00105,2024,retail,309,717854,18.92,17.97
CO00106,2018,services,70,202190,21.8,32.28
CO00107,2024,retail,13,302288,1.59,26.1
CO00108,2016,retail,36,230704,6.03,22.19
CO00109,2017,manufacturing,28,13441,16.12,9.5
CO00110,2021,services,26,500071,1.88,18.99
CO00111,2010,manufacturing,6,1257844,12.72,36.14
CO00112,2020,tech,49,506468,14.46,56.29
CO00113,2016,services,8,15222700,27.65,61.15
CO00114,2024,manufacturing,5,59330,9.47,24.53
CO00115,2017,tech,23,117923,5.06,32.7
CO00116,2022,services,16,577254,0.23,26.89
CO00117,2024,retail,14,720379,3.65,15.52
CO00118,2018,manufacturing,5,10000,22.53,14.88
CO00119,2022,healthcare,14,1476811,13.35,45.2
CO00120,2023,retail,28,726965,5.96,32.37
CO00121,2018,healthcare,18,10000,27.99,59.99
CO00122,2019,manufacturing,49,350312,23.63,29.51
CO00123,2020,healthcare,133,87808,3.43,19.19
CO00124,2020,healthcare,55,178680,8.07,35.37
CO00125,2020,healthcare,92,30448,25.48,39.19
CO00126,2024,retail,100,1017009,20.77,29.05
CO00127,2021,services,12,14999880,28.37,51.28
CO00128,2019,retail,51,751665,2.29,15.63
CO00129,2023,healthcare,90,10000,23.26,40.13
CO00130,2024,healthcare,21,783238,2.29,41.8
CO00131,2013,services,15,299755,10.1,45.94
CO00132,2022,healthcare,56,48921,22.52,44.46
CO00133,2016,manufacturing,8,897391,21.33,40.14
CO00134,2024,tech,11,2570290,0.06,38.75
CO00135,2024,healthcare,17,116193,6.06,33.91
CO00136,2019,manufacturing,52,16523,23.36,37.04
CO00137,2023,tech,41,10000,3.78,25.33
CO00138,2024,tech,93,116848,9.79,36.95
CO00139,2024,services,13,324160,5.52,41.49
CO00140,2017,healthcare,12,157627,3.34,33.86
CO00141,2024,services,56,112807,25.1,36.99
CO00142,2024,manufacturing,15,1377525,1.84,20.16
CO00143,2023,retail,18,1116436,16.08,34.97
CO00144,2023,manufacturing,5,659466,20.78,39.96
CO00145,2023,retail,44,2264751,1.73,34.06
CO00146,2011,retail,155,119060,19.0,27.42
CO00147,2017,tech,12,49557,10.02,51.24
CO00148,2019,manufacturing,92,155644,25.01,30.91
CO00149,2016,retail,31,135590,23.93,41.78
CO00150,2023,tech,6,10000,23.82,39.5
CO00151,2021,retail,14,148577,11.96,43.62
CO00152,2021,services,13,4031709,24.68,46.83
CO00153,2013,manufacturing,24,2195031,18.9,9.03
CO00154,2024,manufacturing,50,1264728,11.36,38.82
CO00155,2024,manufacturing,210,575639,2.42,13.77
CO00156,2022,manufacturing,8,8022792,2.0,21.59
CO00157,2023,manufacturing,20,53085,7.54,16.18
CO00158,2023,healthcare,14,64237,8.99,40.74
CO00159,2010,services,9,4191589,27.83,39.75
CO00160,2024,tech,36,467525,30.0,49.61
CO00161,2021,healthcare,33,115571,4.31,30.4
CO00162,2024,tech,5,1334209,28.28,53.53
CO00163,2017,tech,34,184069,21.2,44.67
CO00164,2017,manufacturing,10,82863,14.96,32.49
CO00165,2024,retail,34,78377,28.64,38.65
CO00166,2013,services,118,841632,21.41,40.5
CO00167,2014,services,53,667724,17.81,42.76
CO00168,2024,tech,40,9188778,6.29,45.04
CO00169,2011,manufacturing,20,247662,7.33,14.61
CO00170,2014,services,35,239354,27.35,56.58
CO00171,2023,services,58,7875498,6.45,42.38
CO00172,2020,manufacturing,53,3176509,0.97,34.23
CO00173,2021,services,30,591133,7.99,42.02
CO00174,2018,manufacturing,41,19496,14.42,18.74
CO00175,2022,retail,9,87228,11.46,10.24
CO00176,2011,manufacturing,16,53734,28.07,21.63
CO00177,2022,services,67,475871,12.56,39.38
CO00178,2018,tech,77,160062,26.67,48.82
CO00179,2024,services,36,10916760,17.84,38.57
CO00180,2019,retail,145,19093,15.72,3.92
CO00181,2024,tech,55,43361,4.81,37.91
CO00182,2017,services,26,721622,8.13,25.56
CO00183,2024,retail,10,1255283,26.02,33.67
CO00184,2018,manufacturing,140,10000,23.4,28.95
CO00185,2019,services,72,13755,13.42,22.03
CO00186,2022,manufacturing,200,261134,27.27,18.13
CO00187,2021,services,289,6663045,24.58,36.07
CO00188,2024,healthcare,9,19298188,3.36,48.43
CO00189,2018,services,9,193108,18.18,35.11
CO00190,2023,tech,5,314489,23.97,63.71
CO00191,2021,retail,83,82972,24.25,22.17
CO00192,2022,manufacturing,64,1569727,2.74,9.3
CO00193,2019,manufacturing,37,9407889,6.74,13.84
CO00194,2021,retail,10,5454990,12.39,21.19
CO00195,2022,tech,30,417482,7.55,45.8
CO00196,2019,tech,40,82696,3.27,30.8
CO00197,2022,tech,72,449726,18.86,35.89
CO00198,2016,healthcare,44,7001068,15.22,47.8
CO00199,2015,retail,64,198583,4.65,31.0
CO00200,2017,healthcare,29,11721,17.59,47.28
CO00201,2023,retail,108,215341,1.86,28.35
CO00202,2023,retail,62,253203,11.49,20.85
CO00203,2019,manufacturing,10,11584,23.78,29.93
CO00204,2023,healthcare,133,703676,26.7,48.16
CO00205,2019,manufacturing,113,1217133,7.36,17.18
CO00206,2024,tech,53,18252000,25.79,57.16
CO00207,2023,retail,44,30799,26.75,24.0
CO00208,2013,healthcare,174,1907001,18.21,34.48
CO00209,2014,tech,6,3059225,29.47,60.39
CO00210,2024,healthcare,115,1250734,7.39,48.0
CO00211,2022,healthcare,21,59065,2.07,42.59
CO00212,2022,retail,99,52582,25.3,37.02
CO00213,2024,manufacturing,37,537343,14.73,27.36
CO00214,2023,manufacturing,10,529853,10.39,25.01
CO00215,2012,services,20,144514,1.66,17.71
CO00216,2022,services,92,5857737,1.94,24.31
CO00217,2023,tech,27,198490,2.72,33.5
CO00218,2023,retail,18,10022,5.51,27.69
CO00219,2012,healthcare,18,282628,29.11,56.46
CO00220,2018,retail,63,1156081,8.44,34.35
CO00221,2022,retail,191,876701,24.51,40.5
CO00222,2015,services,5,863237,0.58,32.07
CO00223,2014,tech,500,8779921,9.65,21.15
CO00224,2024,tech,41,47591,27.19,49.48
CO00225,2021,services,59,189583,5.55,24.2
CO00226,2023,tech,21,9724004,8.52,52.99
CO00227,2018,healthcare,33,10000,24.8,39.26
CO00228,2023,retail,40,397365,3.64,24.9
CO00229,2019,tech,12,5167203,1.6,49.42
CO00230,2024,services,15,5015443,28.98,41.47
CO00231,2023,tech,108,1656525,12.14,51.65
CO00232,2023,retail,7,1742582,19.74,26.05
CO00233,2011,retail,51,55157,3.81,25.42
CO00234,2022,manufacturing,23,6895324,6.61,25.55
CO00235,2023,manufacturing,13,40129,13.8,30.72
CO00236,2022,tech,238,45214,20.25,27.47
CO00237,2022,retail,13,961017,8.8,18.16
CO00238,2022,tech,11,165044,26.54,58.25
CO00239,2023,tech,27,668902,23.43,48.6
CO00240,2024,services,15,1047099,16.55,38.58
CO00241,2022,manufacturing,33,15497968,13.78,25.16
CO00242,2018,tech,39,1053311,18.59,56.68
CO00243,2021,retail,42,128403,21.95,35.8
CO00244,2019,services,29,1711662,4.05,35.01
CO00245,2022,retail,16,83825,25.58,26.4
CO00246,2018,manufacturing,63,2747799,14.68,31.62
CO00247,2024,services,30,503458,28.06,35.65
CO00248,2022,services,20,985680,28.67,39.83
CO00249,2016,services,145,12565,0.92,10.06
CO00250,2015,retail,29,10000,11.53,24.41
CO00251,2019,manufacturing,99,21963,15.79,29.45
CO00252,2015,healthcare,113,14527322,16.19,45.18
CO00253,2021,healthcare,120,44519,24.67,36.84
CO00254,2020,tech,66,1913834,4.23,42.71
CO00255,2021,healthcare,33,122538,18.67,42.9
CO00256,2024,healthcare,31,273741,28.28,48.45
CO00257,2023,healthcare,26,404561,29.9,50.82
CO00258,2024,retail,5,11846663,0.3,21.18
CO00259,2022,manufacturing,68,1424043,29.18,34.73
CO00260,2022,tech,42,955572,3.67,27.64
CO00261,2018,tech,76,5917335,16.11,53.33
CO00262,2017,manufacturing,29,124692,7.39,12.79
CO00263,2012,retail,64,3747823,18.19,44.12
CO00264,2018,retail,8,2683426,1.11,8.44
CO00265,2017,retail,10,2622919,7.15,44.31
CO00266,2022,manufacturing,5,324475,9.02,11.42
CO00267,2023,tech,29,184493,27.47,42.53
CO00268,2011,healthcare,15,77679,17.51,44.06
CO00269,2024,services,13,88047,21.25,43.72
CO00270,2019,services,46,70683,20.28,34.43
CO00271,2017,healthcare,22,921442,11.77,48.63
CO00272,2024,services,8,280219,0.42,23.57
CO00273,2020,retail,422,1048425,3.21,8.16
CO00274,2024,healthcare,32,1173808,13.76,39.95
CO00275,2024,manufacturing,11,53129,28.24,27.43
CO00276,2022,manufacturing,17,50034,7.46,5.56
CO00277,2024,manufacturing,28,280037,20.95,29.21
CO00278,2021,tech,28,93878,24.8,49.1
CO00279,2023,healthcare,122,76052,27.2,50.83
CO00280,2024,healthcare,31,13142660,8.8,32.54
CO00281,2013,services,212,20605,27.94,27.29
CO00282,2020,retail,21,25295292,18.24,48.36
CO00283,2019,healthcare,51,788393,15.25,44.22
CO00284,2020,tech,92,3180269,23.35,55.36
CO00285,2021,retail,109,2512190,7.16,30.53
CO00286,2023,tech,123,1519540,24.38,53.01
CO00287,2021,retail,25,12282224,19.5,52.91
CO00288,2013,retail,33,50775,23.98,34.4
CO00289,2023,services,5,323593,25.67,34.77
CO00290,2022,retail,27,80362,18.52,36.84
CO00291,2020,healthcare,99,14881,1.1,23.59
CO00292,2016,retail,81,117891,8.93,24.36
CO00293,2023,manufacturing,30,18719860,26.34,40.03
CO00294,2020,manufacturing,181,312720,18.81,15.78
CO00295,2020,healthcare,23,23371582,26.7,48.71
CO00296,2023,services,16,28678386,11.54,44.54
CO00297,2019,healthcare,21,50000000,15.14,43.61
CO00298,2024,healthcare,11,19994864,25.88,60.46
CO00299,2024,tech,62,49439671,22.86,47.32
CO00300,2024,tech,44,847744,11.33,37.37
CO00301,2024,manufacturing,61,698476,0.68,34.3
CO00302,2021,tech,22,797852,26.41,41.39
CO00303,2019,manufacturing,31,442468,23.59,30.94
CO00304,2019,manufacturing,5,596793,13.47,42.31
CO00305,2024,retail,48,1991433,16.39,33.45
CO00306,2022,tech,37,174270,6.13,51.84
CO00307,2024,healthcare,11,28134,12.36,43.25
CO00308,2022,retail,30,915510,4.9,27.67
CO00309,2023,healthcare,26,110679,6.32,35.01
CO00310,2020,services,193,136141,25.39,17.21
CO00311,2018,services,11,332532,10.87,32.7
CO00312,2016,services,46,210178,24.44,41.94
CO00313,2024,retail,11,4073792,14.22,36.79
CO00314,2010,retail,19,316955,2.12,45.23
CO00315,2023,healthcare,44,4505904,10.85,44.3
CO00316,2021,services,27,667992,4.75,37.43
CO00317,2021,retail,33,370623,20.81,43.79
CO00318,2018,services,46,607095,27.34,47.13
CO00319,2015,retail,20,33414,22.89,32.46
CO00320,2024,healthcare,80,869918,23.35,44.24
CO00321,2023,manufacturing,24,2417824,25.86,31.8
CO00322,2020,retail,30,3209741,23.3,41.98
CO00323,2021,services,48,29603,17.06,32.6
CO00324,2022,services,42,21206,21.43,40.99
CO00325,2019,retail,63,151200,12.48,19.96
CO00326,2024,services,45,7055547,2.12,34.36
CO00327,2019,retail,53,688279,21.17,47.01
CO00328,2019,retail,24,93958,21.65,31.81
CO00329,2019,healthcare,11,24200,6.71,49.77
CO00330,2023,services,8,112647,28.62,44.26
CO00331,2022,tech,6,98410,1.58,38.89
CO00332,2013,services,193,2874057,22.08,37.1
CO00333,2022,retail,5,3352069,29.05,39.86
CO00334,2021,retail,109,54186,9.27,7.51
CO00335,2022,manufacturing,15,1995354,27.37,42.53
CO00336,2023,manufacturing,108,1625805,24.79,47.78
CO00337,2023,healthcare,5,41799,22.32,47.57
CO00338,2010,manufacturing,26,374131,28.61,37.99
CO00339,2024,retail,142,874703,19.62,29.09
CO00340,2022,services,68,613214,14.85,44.96
CO00341,2024,manufacturing,24,14456,20.27,25.36
CO00342,2022,tech,5,575137,12.35,49.03
CO00343,2022,services,9,1579359,9.75,24.12
CO00344,2024,manufacturing,133,10419486,2.47,16.07
CO00345,2023,manufacturing,23,116124,11.34,26.68
CO00346,2021,tech,31,148611,24.1,57.36
CO00347,2022,manufacturing,44,291345,28.36,40.0
CO00348,2020,services,9,792091,29.25,32.93
CO00349,2022,services,50,537151,6.2,20.11
CO00350,2022,services,22,1481574,17.14,44.41
CO00351,2013,healthcare,44,46612,17.27,33.8
CO00352,2018,manufacturing,19,978432,5.28,30.59
CO00353,2021,manufacturing,7,100264,17.45,14.22
CO00354,2018,manufacturing,22,332146,10.88,24.03
CO00355,2011,retail,63,13470696,28.27,41.04
CO00356,2021,retail,49,26997,7.66,27.96
CO00357,2014,services,34,252979,25.05,32.84
CO00358,2020,retail,81,34568,26.91,17.02
CO00359,2024,services,27,600871,22.08,42.3
CO00360,2017,services,35,3600077,6.44,39.15
CO00361,2011,healthcare,20,621139,7.81,47.17
CO00362,2019,tech,86,350308,29.13,48.58
CO00363,2023,retail,44,6304691,2.27,34.37
CO00364,2016,services,19,856838,3.51,36.27
CO00365,2020,manufacturing,7,2278737,29.36,47.55
CO00366,2012,services,100,1849664,23.31,39.53
CO00367,2024,services,16,10000,22.39,22.77
CO00368,2019,healthcare,36,379519,4.81,35.84
CO00369,2023,retail,348,51218,14.67,17.14
CO00370,2024,retail,74,84235,25.22,37.41
CO00371,2018,manufacturing,166,8445735,9.87,10.17
CO00372,2018,manufacturing,19,209062,5.78,19.33
CO00373,2024,healthcare,97,19484627,0.33,43.37
CO00374,2023,tech,34,26492,18.68,44.37
CO00375,2024,retail,48,50648,8.81,23.04
CO00376,2024,healthcare,250,2032345,25.91,55.64
CO00377,2019,services,25,223520,8.51,24.48
CO00378,2024,services,34,818030,4.55,42.12
CO00379,2016,retail,13,353410,28.81,47.39
CO00380,2024,services,81,332650,28.94,39.69
CO00381,2018,retail,19,240753,20.55,34.12
CO00382,2023,services,92,633481,27.85,40.98
CO00383,2018,tech,6,1596423,4.86,45.79
CO00384,2018,retail,57,11171140,13.81,29.34
CO00385,2020,services,17,295072,6.12,29.07
CO00386,2018,services,69,201334,14.36,31.23
CO00387,2019,healthcare,33,155605,23.74,42.31
CO00388,2019,healthcare,19,8365006,25.35,48.56
CO00389,2019,tech,22,1759692,0.12,23.51
CO00390,2016,tech,14,10000,11.69,42.12
CO00391,2024,retail,77,10000,29.82,28.66
CO00392,2021,healthcare,12,84110,17.68,27.03
CO00393,2023,manufacturing,25,701019,8.89,21.8
CO00394,2021,healthcare,47,413767,11.67,36.43
CO00395,2022,tech,166,1238680,9.68,50.24
CO00396,2022,healthcare,33,311487,13.43,36.26
CO00397,2011,tech,26,7237870,13.33,54.92
CO00398,2023,healthcare,44,2072410,15.21,54.36
CO00399,2022,healthcare,5,516666,13.94,37.53
CO00400,2020,retail,10,4371771,15.48,35.31
CO00401,2017,retail,23,16353,0.84,34.97
CO00402,2024,manufacturing,16,373192,1.63,22.4
CO00403,2024,services,7,582465,11.13,39.21
CO00404,2016,tech,78,1474859,26.55,48.94
CO00405,2021,retail,43,14323,23.72,37.12
CO00406,2014,services,38,262809,3.3,29.79
CO00407,2021,healthcare,17,985516,14.84,28.64
CO00408,2020,tech,36,1148910,18.14,46.53
CO00409,2021,healthcare,55,4743376,14.44,34.0
CO00410,2019,healthcare,25,2028912,20.93,47.79
CO00411,2013,healthcare,52,391722,29.92,41.0
CO00412,2020,retail,15,1706487,2.89,31.89
CO00413,2016,services,37,295750,15.47,36.73
CO00414,2023,tech,104,593354,15.37,34.49
CO00415,2024,tech,114,2168626,16.87,42.44
CO00416,2024,tech,125,404092,5.01,42.96
CO00417,2024,manufacturing,44,912532,19.15,38.47
CO00418,2016,services,34,3025592,1.33,24.99
CO00419,2022,tech,21,1838259,22.23,43.8
CO00420,2014,tech,5,5214447,19.89,68.91
CO00421,2022,retail,9,46590005,9.91,35.71
CO00422,2017,tech,28,1804610,29.67,56.73
CO00423,2023,healthcare,30,175854,24.86,39.81
CO00424,2023,tech,136,1231380,16.19,46.21
CO00425,2024,retail,123,1129896,29.72,50.39
CO00426,2019,retail,17,1509096,24.9,40.88
CO00427,2012,retail,75,8797978,4.14,36.78
CO00428,2024,healthcare,21,15241,17.73,39.81
CO00429,2018,retail,66,9135477,17.43,27.1
CO00430,2020,manufacturing,74,17909354,19.59,26.41
CO00431,2013,manufacturing,115,1377996,28.22,22.53
CO00432,2022,retail,20,1445939,14.76,35.34
CO00433,2022,manufacturing,91,272858,2.32,27.33
CO00434,2019,tech,5,448044,14.38,48.89
CO00435,2018,manufacturing,121,1786741,23.63,26.79
CO00436,2016,tech,32,1570814,10.76,39.9
CO00437,2020,manufacturing,33,1869944,0.81,24.26
CO00438,2021,retail,5,1549336,9.1,21.55
CO00439,2021,retail,22,2667840,20.46,28.03
CO00440,2018,tech,128,2133548,2.58,45.86
CO00441,2023,healthcare,22,57028,11.28,35.68
CO00442,2023,tech,68,2337368,3.99,39.49
CO00443,2022,tech,34,18204388,14.28,49.49
CO00444,2014,tech,96,419469,4.25,44.63
CO00445,2017,healthcare,40,8876872,3.27,40.56
CO00446,2021,retail,13,70644,20.93,27.4
CO00447,2020,manufacturing,35,416847,4.74,15.84
CO00448,2022,services,164,122722,4.64,23.26
CO00449,2015,tech,54,6979183,17.78,53.06
CO00450,2017,tech,29,11768689,1.31,43.75
CO00451,2016,tech,316,362800,0.99,27.22
CO00452,2023,services,106,4602559,12.94,36.01
CO00453,2018,healthcare,75,12010036,10.95,41.75
CO00454,2015,services,45,414224,16.34,30.65
CO00455,2018,healthcare,69,573494,29.8,56.91
CO00456,2022,healthcare,71,1918838,13.04,37.18
CO00457,2010,retail,5,82036,17.28,33.05
CO00458,2024,tech,49,551388,27.58,36.21
CO00459,2023,tech,28,32138788,14.5,50.15
CO00460,2019,services,20,162750,23.43,31.52
CO00461,2019,services,27,2440351,16.46,31.97
CO00462,2023,healthcare,7,1261243,19.12,65.51
CO00463,2016,manufacturing,5,318847,27.98,35.99
CO00464,2018,healthcare,115,689216,0.02,41.35
CO00465,2014,healthcare,53,14727688,27.03,58.04
CO00466,2020,healthcare,5,1338679,14.93,52.06
CO00467,2024,healthcare,19,1829653,18.2,44.05
CO00468,2022,tech,80,10872253,13.5,60.84
CO00469,2019,services,25,247998,7.83,39.59
CO00470,2023,healthcare,115,54511,1.98,29.81
CO00471,2017,retail,95,15198309,28.35,42.33
CO00472,2024,healthcare,9,581312,18.72,43.83
CO00473,2021,retail,29,2642409,26.2,40.1
CO00474,2019,retail,21,96311,8.72,26.94
CO00475,2023,services,8,962272,8.34,38.43
CO00476,2024,tech,8,49322,10.07,56.6
CO00477,2023,manufacturing,15,502564,6.93,13.98
CO00478,2011,healthcare,17,121073,14.94,49.97
CO00479,2020,tech,44,76472,28.09,47.83
CO00480,2022,tech,94,241289,26.28,59.41
CO00481,2019,healthcare,55,10000,14.85,33.61
CO00482,2024,services,70,43486,10.46,33.55
CO00483,2016,manufacturing,25,2115556,18.35,29.38
CO00484,2024,manufacturing,61,886762,18.37,14.33
CO00485,2024,healthcare,29,51618,20.51,56.03
CO00486,2022,services,21,1323442,16.07,31.57
CO00487,2024,healthcare,221,76387,0.8,25.72
CO00488,2021,tech,5,1874641,2.28,34.85
CO00489,2024,manufacturing,5,351063,29.21,24.03
CO00490,2023,services,49,230903,22.39,37.42
CO00491,2024,tech,25,368749,28.45,48.86
CO00492,2022,manufacturing,8,50000000,10.19,21.7
CO00493,2024,tech,12,96993,16.05,46.04
CO00494,2021,healthcare,13,696008,9.66,28.6
CO00495,2011,services,81,2111137,27.27,43.87
CO00496,2018,tech,111,64548,8.63,37.15
CO00497,2022,manufacturing,171,18242,20.81,0.5
CO00498,2022,tech,7,132960,5.25,37.32
CO00499,2013,healthcare,8,2020643,3.16,42.43
CO00500,2024,tech,8,223237,4.67,33.29
CO00501,2020,services,120,278671,15.88,37.28
CO00502,2021,tech,50,2734719,25.34,56.92
CO00503,2020,tech,36,88195,29.98,44.07
CO00504,2019,healthcare,42,370455,18.68,42.95
CO00505,2021,retail,31,21425,16.01,35.33
CO00506,2022,tech,11,840236,23.61,45.72
CO00507,2021,services,55,700124,1.91,28.26
CO00508,2021,retail,27,2171812,24.28,47.77
CO00509,2022,manufacturing,10,44778,22.75,21.97
CO00510,2019,healthcare,59,301409,15.89,44.4
CO00511,2022,services,22,34305,0.69,18.36
CO00512,2016,retail,42,270434,6.07,25.08
CO00513,2024,retail,29,8568267,11.09,37.12
CO00514,2021,retail,81,232930,28.24,16.47
CO00515,2023,services,41,28800,19.15,30.98
CO00516,2016,services,14,113577,15.3,39.49
CO00517,2022,manufacturing,46,17643,14.65,24.03
CO00518,2021,retail,47,33138,23.4,28.13
CO00519,2022,tech,55,1692934,9.71,36.03
CO00520,2023,healthcare,93,24524,2.84,34.86
CO00521,2020,services,18,826253,20.31,38.21
CO00522,2018,services,65,465787,9.87,37.36
CO00523,2022,tech,6,152808,9.77,47.01
CO00524,2011,retail,29,697111,13.64,28.23
CO00525,2022,retail,25,67824,7.28,34.57
CO00526,2018,manufacturing,141,2377806,27.65,26.05
CO00527,2024,services,28,109460,25.41,50.03
CO00528,2019,healthcare,61,204283,29.73,57.67
CO00529,2021,manufacturing,6,161022,28.94,42.02
CO00530,2016,retail,23,1756699,9.43,29.61
CO00531,2018,manufacturing,14,1314396,11.42,47.43
CO00532,2024,services,394,10000,20.95,21.98
CO00533,2020,retail,17,735632,0.48,27.7
CO00534,2021,manufacturing,36,13504,29.82,29.71
CO00535,2010,services,38,223542,0.33,19.39
CO00536,2017,manufacturing,7,356344,15.94,38.39
CO00537,2023,manufacturing,20,218793,20.06,24.41
CO00538,2017,services,50,1204576,27.42,50.87
CO00539,2015,retail,36,1867578,19.32,44.82
CO00540,2014,tech,5,94189,17.91,52.33
CO00541,2024,services,19,87588,9.01,26.87
CO00542,2023,manufacturing,92,411704,17.73,22.97
CO00543,2016,retail,60,20181,22.49,9.32
CO00544,2023,tech,112,170423,15.47,41.78
CO00545,2024,healthcare,12,6557733,23.39,56.47
CO00546,2024,services,119,21750,2.09,21.37
CO00547,2021,retail,32,224081,10.06,23.81
CO00548,2018,services,163,135320,28.79,34.67
CO00549,2024,manufacturing,33,24410788,9.7,38.67
CO00550,2014,retail,5,150885,18.66,33.0
CO00551,2023,retail,77,169461,15.6,44.03
CO00552,2018,tech,21,56301,28.1,46.77
CO00553,2023,healthcare,23,450738,4.88,38.88
CO00554,2023,healthcare,8,759438,8.98,36.95
CO00555,2024,healthcare,168,75234,25.87,56.28
CO00556,2021,retail,20,3196111,19.99,38.61
CO00557,2014,healthcare,160,760801,16.29,55.02
CO00558,2014,retail,22,2430964,11.85,29.33
CO00559,2023,healthcare,13,229516,12.34,52.68
CO00560,2014,tech,124,719540,28.05,51.19
CO00561,2018,retail,31,288891,20.13,40.61
CO00562,2021,manufacturing,31,8164965,27.87,27.04
CO00563,2024,healthcare,9,558231,29.17,52.89
CO00564,2024,retail,21,450227,16.41,24.43
CO00565,2020,manufacturing,51,176931,18.3,28.67
CO00566,2013,healthcare,9,157640,19.69,31.7
CO00567,2022,manufacturing,19,711723,25.18,32.25
CO00568,2023,services,22,2278835,19.77,50.34
CO00569,2014,manufacturing,35,112519,3.44,23.66
CO00570,2017,tech,145,569867,28.27,39.37
CO00571,2012,retail,25,639434,19.83,19.77
CO00572,2019,manufacturing,17,905938,26.1,37.81
CO00573,2024,tech,500,14545,12.74,35.52
CO00574,2021,retail,21,69601,14.24,21.95
CO00575,2017,healthcare,27,28805,20.67,58.36
CO00576,2024,tech,23,472488,23.29,51.35
CO00577,2016,retail,25,72988,2.35,7.94
CO00578,2010,services,36,163982,12.22,21.59
CO00579,2024,manufacturing,83,40596,23.1,32.12
CO00580,2024,retail,50,197506,29.77,38.55
CO00581,2013,tech,97,46713,0.35,46.05
CO00582,2010,healthcare,94,2014369,7.94,28.04
CO00583,2024,manufacturing,41,1153666,13.95,28.03
CO00584,2016,manufacturing,48,597469,6.69,22.44
CO00585,2017,tech,100,241860,0.81,35.14
CO00586,2021,retail,11,10000,16.19,25.65
CO00587,2019,tech,403,176943,19.48,30.22
CO00588,2023,healthcare,20,96479,12.48,40.61
CO00589,2020,services,23,725450,11.1,38.24
CO00590,2016,manufacturing,10,1527914,29.57,38.49
CO00591,2013,services,10,846838,14.33,47.79
CO00592,2024,tech,88,5532092,23.94,42.47
CO00593,2014,healthcare,321,141970,8.62,11.21
CO00594,2017,manufacturing,19,130672,24.91,38.97
CO00595,2014,manufacturing,47,3526288,24.71,26.02
CO00596,2022,healthcare,41,616881,8.03,35.34
CO00597,2014,tech,90,269952,19.68,41.35
CO00598,2017,manufacturing,305,17770356,20.46,17.99
CO00599,2010,tech,152,1404878,13.28,30.88
CO00600,2014,manufacturing,26,302220,23.21,26.15
CO00601,2018,retail,56,112208,9.21,31.51
CO00602,2022,manufacturing,62,6280909,14.53,28.54
CO00603,2023,services,32,669304,29.7,48.7
CO00604,2017,retail,11,464647,5.36,23.93
CO00605,2020,tech,15,1710938,4.43,51.06
CO00606,2021,tech,104,2571952,4.27,36.62
CO00607,2014,services,116,1328737,29.94,25.38
CO00608,2023,manufacturing,27,2592028,4.8,26.57
CO00609,2017,healthcare,43,1091156,5.71,43.96
CO00610,2022,healthcare,110,1342147,20.84,38.48
CO00611,2020,tech,6,102408,22.78,59.59
CO00612,2012,services,21,16530335,15.81,35.2
CO00613,2014,tech,249,37520,29.48,47.78
CO00614,2023,tech,45,821391,1.17,54.09
CO00615,2010,services,11,30530,18.62,36.56
CO00616,2023,manufacturing,37,363575,18.19,26.17
CO00617,2022,healthcare,92,141126,9.64,34.52
CO00618,2013,tech,5,580422,26.98,67.24
CO00619,2022,manufacturing,39,876345,16.59,31.38
CO00620,2017,retail,23,65338,7.39,43.23
CO00621,2014,healthcare,6,417137,2.65,38.85
CO00622,2019,services,36,7183867,3.21,28.88
CO00623,2023,services,29,32063,26.92,35.08
CO00624,2024,retail,32,80169,7.51,26.52
CO00625,2022,healthcare,23,2474401,27.21,34.02
CO00626,2023,healthcare,12,516644,3.6,33.31
CO00627,2018,services,8,598576,29.52,41.78
CO00628,2024,manufacturing,17,3418131,25.0,36.79
CO00629,2023,healthcare,78,90387,3.49,47.85
CO00630,2024,services,42,156581,2.58,29.4
CO00631,2021,tech,31,122359,24.1,34.49
CO00632,2014,healthcare,12,220486,2.34,28.14
CO00633,2018,tech,23,6446475,7.87,48.93
CO00634,2021,services,69,14732,24.04,36.52
CO00635,2022,retail,55,40601,27.23,47.14
CO00636,2021,healthcare,21,28814,23.03,50.68
CO00637,2020,services,5,7300021,26.7,54.55
CO00638,2019,healthcare,17,129469,16.8,40.11
CO00639,2020,services,20,230188,23.39,49.5
CO00640,2022,manufacturing,13,17513,10.33,14.2
CO00641,2020,healthcare,22,261771,23.56,53.62
CO00642,2021,retail,75,2503107,20.39,32.62
CO00643,2022,manufacturing,32,733742,17.24,16.96
CO00644,2023,retail,89,356565,29.77,41.41
CO00645,2013,tech,7,19345,14.09,54.79
CO00646,2011,healthcare,24,229600,18.58,39.89
CO00647,2021,manufacturing,5,593521,15.3,40.9
CO00648,2020,tech,22,60861,7.82,28.0
CO00649,2021,healthcare,12,1639303,9.91,32.07
CO00650,2017,healthcare,119,2597700,29.36,46.47
CO00651,2024,services,50,153691,11.76,30.25
CO00652,2023,retail,91,1889200,20.38,28.55
CO00653,2024,healthcare,22,355230,17.01,44.03
CO00654,2018,services,12,4387525,26.69,41.99
CO00655,2023,retail,12,25862415,22.73,38.5
CO00656,2023,retail,43,49645,2.42,24.69
CO00657,2010,healthcare,202,2061550,10.66,29.36
CO00658,2014,healthcare,50,6015975,21.36,46.56
CO00659,2019,services,23,63490,4.84,24.61
CO00660,2024,tech,27,140050,15.1,36.04
CO00661,2022,retail,32,136932,9.53,33.79
CO00662,2023,retail,251,339231,1.94,29.87
CO00663,2022,manufacturing,114,216916,29.91,38.66
CO00664,2019,healthcare,43,297577,27.88,50.0
CO00665,2021,healthcare,37,2364262,22.43,42.21
CO00666,2020,retail,45,10000,6.03,19.97
CO00667,2024,tech,54,63083,29.66,59.39
CO00668,2023,retail,22,1689352,18.92,17.54
CO00669,2024,retail,14,1336483,28.98,37.95
CO00670,2016,healthcare,93,53258,1.28,35.85
CO00671,2016,tech,34,1355124,5.2,34.08
CO00672,2024,healthcare,86,6285361,20.32,48.89
CO00673,2021,services,172,401092,27.22,40.23
CO00674,2023,tech,56,58928,5.27,26.94
CO00675,2019,services,47,2545680,9.51,36.27
CO00676,2024,manufacturing,500,13881823,17.65,8.62
CO00677,2020,tech,41,75185,29.99,55.16
CO00678,2023,retail,11,478544,23.99,42.61
CO00679,2022,retail,25,3914942,27.71,44.26
CO00680,2024,retail,156,557221,20.25,30.34
CO00681,2023,manufacturing,9,13432,26.32,31.52
CO00682,2017,services,16,1073930,15.21,29.22
CO00683,2023,tech,100,62466,3.72,35.86
CO00684,2021,tech,25,34841,21.29,40.82
CO00685,2019,services,30,13967,18.04,42.53
CO00686,2011,manufacturing,97,4784129,14.56,32.32
CO00687,2021,retail,16,83331,8.25,32.52
CO00688,2020,retail,8,861708,23.53,51.55
CO00689,2018,tech,8,1408321,24.61,51.33
CO00690,2021,healthcare,59,611480,10.93,34.7
CO00691,2024,healthcare,43,800619,27.83,45.68
CO00692,2023,manufacturing,17,947987,11.09,13.56
CO00693,2022,retail,10,583147,3.23,14.96
CO00694,2021,retail,25,96730,5.0,30.24
CO00695,2024,retail,101,80928,14.84,15.78
CO00696,2024,healthcare,14,358626,2.4,27.39
CO00697,2015,tech,17,343750,21.55,49.58
CO00698,2022,healthcare,10,1044072,23.85,44.86
CO00699,2023,retail,23,4005985,16.48,42.65
CO00700,2019,retail,46,880117,26.8,38.47
CO00701,2018,healthcare,275,87398,28.63,30.58
CO00702,2010,healthcare,41,10000,13.43,43.9
CO00703,2019,healthcare,31,95046,2.67,39.68
CO00704,2024,retail,78,30062,6.94,11.44
CO00705,2011,manufacturing,66,102667,19.73,28.09
CO00706,2021,retail,19,718236,12.17,25.79
CO00707,2011,tech,331,523755,20.55,31.91
CO00708,2014,retail,32,18189503,20.0,53.74
CO00709,2010,tech,42,1162592,18.16,50.15
CO00710,2024,tech,57,20142338,4.73,43.53
CO00711,2013,manufacturing,47,1849227,8.58,25.41
CO00712,2021,services,152,3880262,11.34,39.79
CO00713,2023,retail,18,215819,24.73,30.77
CO00714,2014,manufacturing,72,51584,20.47,21.13
CO00715,2024,services,39,180246,19.35,42.89
CO00716,2017,healthcare,88,432034,20.16,30.0
CO00717,2017,manufacturing,27,125955,15.1,33.49
CO00718,2024,retail,23,59737,1.19,10.03
CO00719,2023,services,69,1018330,6.03,29.89
CO00720,2012,tech,47,59231,4.21,25.62
CO00721,2021,tech,15,20599,1.92,28.83
CO00722,2023,retail,127,46902,9.58,33.0
CO00723,2023,retail,69,276866,23.63,42.45
CO00724,2024,tech,31,60971,3.45,47.92
CO00725,2019,tech,21,280357,3.34,29.29
CO00726,2024,healthcare,48,1470170,3.73,28.58
CO00727,2015,services,64,1395671,8.09,36.18
CO00728,2024,services,7,117989,6.07,37.49
CO00729,2016,tech,48,32601,0.42,29.36
CO00730,2024,services,64,139909,8.3,26.18
CO00731,2018,retail,5,1641776,29.89,32.87
CO00732,2022,services,40,2619233,10.09,49.45
CO00733,2022,manufacturing,66,896075,6.34,18.18
CO00734,2021,retail,59,4890827,14.87,33.81
CO00735,2017,retail,74,14053812,6.88,30.9
CO00736,2012,tech,24,168306,16.79,55.72
CO00737,2022,healthcare,12,8650489,12.02,37.08
CO00738,2015,manufacturing,5,262734,26.91,42.58
CO00739,2021,services,99,3401399,27.84,32.78
CO00740,2022,healthcare,67,1825099,21.39,54.64
CO00741,2021,tech,107,10000,6.47,21.29
CO00742,2010,retail,16,64058,14.22,28.91
CO00743,2024,tech,74,38461,9.16,52.29
CO00744,2023,tech,7,12530,23.95,53.6
CO00745,2020,healthcare,14,2567979,0.88,40.96
CO00746,2019,services,38,27716645,19.87,35.59
CO00747,2016,manufacturing,64,264251,9.7,16.39
CO00748,2016,retail,178,2441964,14.43,38.5
CO00749,2013,manufacturing,26,8617026,9.69,31.75
CO00750,2023,manufacturing,14,671093,10.94,33.13
CO00751,2012,retail,13,420573,20.23,35.72
CO00752,2022,tech,17,270661,17.86,46.01
CO00753,2018,manufacturing,305,1296420,7.32,19.48
CO00754,2023,manufacturing,71,2544355,1.31,22.59
CO00755,2021,services,101,1114158,25.68,39.15
CO00756,2018,retail,26,1040202,14.77,21.66
CO00757,2020,tech,33,399350,18.56,56.07
CO00758,2024,healthcare,67,18289,14.65,39.94
CO00759,2021,manufacturing,20,2664249,18.57,26.39
CO00760,2015,services,25,33885,18.81,45.36
CO00761,2024,tech,17,1526932,0.45,43.58
CO00762,2022,tech,21,2005639,16.0,51.68
CO00763,2024,tech,35,45212,15.06,51.06
CO00764,2024,services,15,131189,2.87,35.33
CO00765,2023,retail,44,30797654,22.38,42.47
CO00766,2015,services,44,377390,7.08,30.68
CO00767,2012,healthcare,28,38544,1.64,48.24
CO00768,2023,services,14,2195144,24.09,38.14
CO00769,2019,healthcare,37,94338,25.95,51.21
CO00770,2011,healthcare,20,10000,7.22,33.19
CO00771,2024,services,35,1251106,20.63,44.4
CO00772,2017,healthcare,99,70739,0.15,39.38
CO00773,2022,services,9,841025,21.63,39.33
CO00774,2024,retail,291,87083,13.94,23.79
CO00775,2022,tech,31,1820111,23.77,55.07
CO00776,2022,retail,50,638576,11.79,24.8
CO00777,2021,manufacturing,16,10000,10.53,30.74
CO00778,2017,retail,104,949817,25.22,40.66
CO00779,2022,tech,29,247839,1.16,35.85
CO00780,2023,manufacturing,22,7522697,5.61,34.75
CO00781,2018,manufacturing,19,975217,12.36,20.32
CO00782,2023,healthcare,25,2007329,17.89,45.13
CO00783,2019,healthcare,50,106821,0.15,28.54
CO00784,2021,services,39,91113,17.25,41.78
CO00785,2019,healthcare,32,420290,11.35,36.1
CO00786,2021,retail,16,215080,18.9,39.61
CO00787,2022,healthcare,15,6426997,27.21,56.57
CO00788,2023,healthcare,21,325579,13.23,38.01
CO00789,2016,tech,52,38191,16.64,58.54
CO00790,2019,services,64,84528,13.88,27.03
CO00791,2021,manufacturing,73,3048323,3.56,10.5
CO00792,2018,retail,33,316628,23.79,42.62
CO00793,2024,manufacturing,49,284525,26.56,14.2
CO00794,2023,healthcare,28,3687189,24.34,61.13
CO00795,2015,healthcare,6,71002,28.43,48.19
CO00796,2021,retail,27,10000,14.04,15.58
CO00797,2016,manufacturing,23,80359,19.57,19.83
CO00798,2015,manufacturing,12,717966,5.05,10.15
CO00799,2023,services,19,268599,29.3,46.95
CO00800,2019,manufacturing,38,19518,17.42,13.43
CO00801,2014,retail,11,3375719,7.85,35.54
CO00802,2016,healthcare,16,613535,24.16,44.99
CO00803,2019,retail,156,963212,17.59,25.29
CO00804,2018,retail,7,1023993,28.49,44.65
CO00805,2024,retail,28,32956,23.1,37.9
CO00806,2018,retail,10,810784,26.32,48.25
CO00807,2020,manufacturing,16,2716643,16.4,25.27
CO00808,2024,services,27,4328018,15.52,39.78
CO00809,2024,tech,12,1872016,22.72,48.13
CO00810,2014,healthcare,59,1234602,3.15,37.35
CO00811,2023,retail,128,13700,1.62,10.89
CO00812,2021,tech,77,429394,29.51,48.85
CO00813,2014,services,92,65306,27.49,35.02
CO00814,2024,retail,8,5747846,28.67,45.04
CO00815,2021,services,26,4242906,1.87,33.23
CO00816,2014,healthcare,53,66101,8.08,39.29
CO00817,2015,services,79,403545,27.05,40.0
CO00818,2024,services,191,727245,2.68,20.26
CO00819,2021,manufacturing,96,2680683,13.54,27.22
CO00820,2023,retail,81,15502,10.24,16.12
CO00821,2018,services,461,10000,26.4,25.37
CO00822,2020,retail,36,477489,15.54,29.74
CO00823,2014,healthcare,25,10000,8.71,36.04
CO00824,2019,manufacturing,40,607522,15.73,29.01
CO00825,2015,manufacturing,13,1446150,3.37,36.0
CO00826,2013,services,35,5241717,21.94,46.19
CO00827,2019,tech,6,127371,18.55,48.73
CO00828,2014,manufacturing,20,610701,18.02,23.66
CO00829,2023,services,30,1628255,13.14,43.95
CO00830,2022,services,86,42131,8.83,26.59
CO00831,2021,retail,101,2759874,1.96,12.53
CO00832,2024,tech,13,765806,28.41,53.38
CO00833,2022,tech,264,131808,12.5,36.37
CO00834,2023,healthcare,38,586988,14.88,35.31
CO00835,2020,retail,42,334814,11.27,28.28
CO00836,2023,tech,7,2105677,29.64,56.44
CO00837,2012,manufacturing,18,215147,23.89,30.51
CO00838,2014,healthcare,95,696749,2.87,43.66
CO00839,2020,retail,39,127789,18.25,21.18
CO00840,2023,tech,37,67799,14.54,60.41
CO00841,2023,tech,42,623476,23.8,50.97
CO00842,2024,tech,8,73604,29.92,57.73
CO00843,2018,retail,30,2193832,22.33,38.51
CO00844,2020,tech,135,1446221,25.95,35.79
CO00845,2021,services,98,95776,15.08,23.93
CO00846,2024,retail,29,678446,11.21,26.36
CO00847,2018,manufacturing,158,94902,19.3,30.03
CO00848,2010,manufacturing,9,17878,22.48,16.56
CO00849,2020,services,13,133993,6.83,25.22
CO00850,2024,services,213,400058,15.1,30.83
CO00851,2020,manufacturing,59,1255215,3.41,24.98
CO00852,2020,healthcare,25,596574,6.49,41.75
CO00853,2023,tech,31,2717843,26.46,46.9
CO00854,2024,manufacturing,15,62172,4.34,7.03
CO00855,2019,retail,44,208272,24.34,39.42
CO00856,2016,manufacturing,40,11860610,11.18,40.0
CO00857,2024,tech,34,10000,19.91,41.88
CO00858,2022,retail,10,179170,27.31,28.61
CO00859,2022,healthcare,43,51896,23.43,39.58
CO00860,2014,healthcare,20,299300,24.78,49.87
CO00861,2017,manufacturing,12,185554,7.83,21.13
CO00862,2022,tech,118,1475209,10.85,54.01
CO00863,2022,services,290,737514,21.98,38.0
CO00864,2016,retail,231,32492,23.32,26.36
CO00865,2023,retail,63,136444,23.7,17.88
CO00866,2024,tech,25,442309,22.2,45.16
CO00867,2023,retail,31,1941092,6.95,25.23
CO00868,2024,retail,50,50000000,8.67,27.64
CO00869,2024,tech,22,1804134,28.26,57.06
CO00870,2024,manufacturing,124,58395,16.62,23.21
CO00871,2021,healthcare,5,366703,22.63,33.1
CO00872,2021,tech,25,635363,17.98,55.46
CO00873,2019,tech,74,156563,27.74,50.39
CO00874,2020,tech,14,1133154,26.06,57.06
CO00875,2014,manufacturing,26,10000,7.84,24.89
CO00876,2016,healthcare,60,1337481,26.54,41.66
CO00877,2018,retail,151,170625,9.0,32.99
CO00878,2016,tech,9,355254,13.23,45.46
CO00879,2014,tech,8,8297342,25.54,68.67
CO00880,2019,services,13,35488,9.72,24.76
CO00881,2022,retail,7,763324,8.72,41.84
CO00882,2014,retail,8,2164810,20.06,29.98
CO00883,2022,retail,13,621986,29.99,60.87
CO00884,2022,healthcare,114,17529,3.93,21.52
CO00885,2021,retail,24,6588216,21.03,46.85
CO00886,2015,services,34,289900,15.81,33.74
CO00887,2024,services,13,154032,12.32,40.69
CO00888,2024,tech,62,237764,22.5,48.3
CO00889,2016,retail,216,206015,16.65,15.64
CO00890,2019,healthcare,14,40930,23.93,21.77
CO00891,2023,healthcare,186,615322,22.32,59.78
CO00892,2023,manufacturing,48,133991,29.55,32.61
CO00893,2024,tech,34,1692600,24.33,29.47
CO00894,2024,retail,49,1245678,2.0,28.3
CO00895,2012,healthcare,49,11425277,23.39,54.75
CO00896,2023,services,212,289738,19.49,25.64
CO00897,2019,tech,56,88743,2.69,32.11
CO00898,2022,services,57,23400,18.16,33.71
CO00899,2017,tech,22,35558392,22.52,65.86
CO00900,2018,retail,77,1663136,5.92,27.87
CO00901,2017,manufacturing,13,110764,13.05,36.65
CO00902,2014,retail,37,13076276,16.27,45.37
CO00903,2019,services,500,6664628,12.39,18.22
CO00904,2024,tech,5,29656,26.28,37.73
CO00905,2024,healthcare,42,98032,5.07,32.83
CO00906,2017,manufacturing,43,339541,23.15,34.35
CO00907,2011,retail,26,52043,23.34,34.14
CO00908,2020,healthcare,27,364703,13.44,46.08
CO00909,2020,manufacturing,36,1837513,16.18,35.87
CO00910,2011,manufacturing,26,28381,4.61,22.82
CO00911,2024,tech,41,794923,5.85,40.39
CO00912,2014,healthcare,20,4579021,15.95,49.74
CO00913,2016,healthcare,250,985042,6.74,47.81
CO00914,2021,tech,26,380319,24.19,39.55
CO00915,2021,healthcare,59,116284,18.49,44.78
CO00916,2022,services,17,2330710,1.7,47.42
CO00917,2023,manufacturing,84,42030,10.74,10.39
CO00918,2024,healthcare,69,718976,25.75,54.31
CO00919,2017,manufacturing,50,465576,8.32,31.9
CO00920,2023,services,12,4202634,21.59,31.8
CO00921,2014,tech,16,137930,2.81,45.67
CO00922,2023,tech,179,163493,27.92,44.03
CO00923,2023,manufacturing,15,36911,13.48,23.28
CO00924,2018,retail,63,1060836,14.75,28.9
CO00925,2017,healthcare,13,189542,17.09,53.11
CO00926,2022,tech,91,78893,10.9,39.44
CO00927,2015,services,17,95450,21.76,35.25
CO00928,2019,services,13,1295245,0.44,28.02
CO00929,2021,healthcare,16,48731,4.87,32.02
CO00930,2022,healthcare,19,58201,5.66,26.6
CO00931,2022,healthcare,50,2657038,19.06,41.5
CO00932,2022,retail,35,317349,26.72,38.1
CO00933,2018,services,11,2990317,1.91,36.64
CO00934,2016,tech,32,215623,25.57,60.87
CO00935,2022,manufacturing,11,441418,24.59,34.38
CO00936,2018,retail,63,604767,2.3,20.81
CO00937,2014,retail,76,7092670,4.3,19.95
CO00938,2021,manufacturing,32,6026913,10.5,30.06
CO00939,2017,tech,43,4441372,3.44,42.43
CO00940,2021,manufacturing,191,125789,22.75,22.15
CO00941,2020,manufacturing,28,61472,15.12,26.77
CO00942,2019,retail,13,2026018,12.32,37.22
CO00943,2021,manufacturing,59,6944908,21.75,34.58
CO00944,2024,services,11,4527305,8.79,35.98
CO00945,2022,services,27,454111,26.15,36.22
CO00946,2015,tech,18,1896682,19.62,46.53
CO00947,2020,manufacturing,16,1964553,10.4,33.74
CO00948,2024,services,26,595934,16.2,34.63
CO00949,2022,services,81,650012,7.78,20.94
CO00950,2024,manufacturing,100,538418,29.55,40.89
CO00951,2019,tech,84,91473,13.07,34.34
CO00952,2023,tech,46,112183,26.9,50.85
CO00953,2023,retail,26,108773,29.34,41.48
CO00954,2024,services,5,18061,16.07,34.62
CO00955,2024,services,48,588728,21.9,20.15
CO00956,2024,services,5,407930,17.17,42.01
CO00957,2023,retail,5,2030775,2.75,39.22
CO00958,2013,manufacturing,28,5506471,28.57,43.08
CO00959,2017,tech,43,6253105,13.7,31.92
CO00960,2019,services,21,7549039,26.82,63.59
CO00961,2024,retail,154,97327,19.67,16.85
CO00962,2013,manufacturing,53,25237,3.16,8.0
CO00963,2021,manufacturing,26,2846176,12.51,34.3
CO00964,2020,retail,132,7019951,5.88,30.2
CO00965,2013,tech,158,9939078,5.1,41.21
CO00966,2016,healthcare,55,1167053,21.45,40.73
CO00967,2021,tech,15,10000,0.9,46.55
CO00968,2022,healthcare,19,919163,28.98,49.89
CO00969,2018,tech,8,1343624,13.5,35.84
CO00970,2012,tech,32,5412112,14.69,59.53
CO00971,2019,healthcare,12,7719478,8.98,44.8
CO00972,2020,healthcare,24,2728511,2.57,47.03
CO00973,2022,healthcare,43,136686,17.65,45.88
CO00974,2023,services,5,56486,10.34,52.23
CO00975,2022,manufacturing,9,1287125,18.72,28.4
CO00976,2023,tech,20,90687,16.67,46.36
CO00977,2022,manufacturing,31,8455047,6.51,31.91
CO00978,2022,manufacturing,20,14630,13.85,20.2
CO00979,2024,services,25,1374737,9.24,42.0
CO00980,2017,tech,16,838248,7.19,20.74
CO00981,2018,tech,8,292572,23.09,50.75
CO00982,2020,manufacturing,19,69547,0.36,16.98
CO00983,2023,healthcare,27,10000,8.07,32.89
CO00984,2016,healthcare,24,152839,15.93,34.31
CO00985,2013,manufacturing,37,158297,14.28,32.28
CO00986,2022,retail,50,4087619,28.2,36.33
CO00987,2012,manufacturing,65,92437,25.31,30.38
CO00988,2015,manufacturing,18,1094207,22.55,31.94
CO00989,2015,services,7,33373,15.42,38.93
CO00990,2023,retail,118,1156023,12.87,39.92
CO00991,2022,retail,49,10000,1.1,21.2
CO00992,2023,manufacturing,13,29226674,24.65,44.16
CO00993,2023,healthcare,44,333655,12.92,41.12
CO00994,2011,healthcare,96,10000,9.63,27.98
CO00995,2021,services,187,105292,18.2,29.36
CO00996,2011,retail,43,76778,22.62,30.82
CO00997,2012,manufacturing,96,119176,15.69,27.58
CO00998,2022,manufacturing,10,213355,4.49,22.42
CO00999,2024,healthcare,32,117567,27.65,40.2
CO01000,2020,retail,24,86437,3.39,22.6
CO01001,2012,healthcare,47,43592,29.09,33.28
CO01002,2024,services,166,2288892,13.27,31.09
CO01003,2016,services,43,4887889,28.4,45.97
CO01004,2014,services,13,265893,27.44,57.66
CO01005,2024,services,9,427080,12.19,47.08
CO01006,2018,services,172,46506,24.0,24.74
CO01007,2023,services,55,509936,2.69,31.53
CO01008,2022,retail,52,700764,2.48,27.07
CO01009,2023,manufacturing,23,285273,10.68,22.65
CO01010,2022,manufacturing,43,976910,18.29,27.64
CO01011,2024,healthcare,12,820293,0.28,33.17
CO01012,2024,services,49,53729,15.46,48.82
CO01013,2024,healthcare,10,4809458,29.27,49.37
CO01014,2022,services,23,292057,25.75,44.78
CO01015,2018,manufacturing,17,12624415,6.97,7.19
CO01016,2017,manufacturing,5,1025654,15.84,35.92
CO01017,2024,services,23,22790771,5.14,46.45
CO01018,2021,healthcare,13,4641454,7.9,33.43
CO01019,2022,retail,27,696887,27.69,34.82
CO01020,2018,retail,33,104170,29.93,41.12
CO01021,2018,retail,194,108756,7.28,19.95
CO01022,2016,tech,45,1284742,6.36,46.99
CO01023,2022,services,46,589041,11.52,32.57
CO01024,2019,healthcare,54,136209,13.38,53.62
CO01025,2023,services,79,2341072,2.68,25.42
CO01026,2022,tech,52,478084,4.43,62.36
CO01027,2021,retail,44,2369097,12.74,42.16
CO01028,2024,healthcare,67,62884,7.06,40.77
CO01029,2015,tech,5,3265564,25.35,47.15
CO01030,2016,services,267,1205001,22.55,39.67
CO01031,2018,manufacturing,162,4853153,16.09,29.87
CO01032,2015,healthcare,41,3124738,12.98,25.84
CO01033,2024,manufacturing,8,373283,24.93,21.3
CO01034,2020,manufacturing,111,317823,4.98,21.11
CO01035,2024,services,17,15651260,26.62,46.44
CO01036,2018,healthcare,56,247425,1.47,29.27
CO01037,2021,manufacturing,9,1976557,27.7,44.52
CO01038,2017,services,307,206328,4.16,12.41
CO01039,2024,healthcare,8,10681,24.36,39.35
CO01040,2023,manufacturing,35,37999,0.54,11.35
CO01041,2012,services,5,996337,24.45,47.68
CO01042,2024,retail,32,1798140,17.52,21.01
CO01043,2019,retail,22,1002920,0.57,22.01
CO01044,2024,tech,103,4377108,23.23,37.06
CO01045,2022,services,22,967547,3.05,29.68
CO01046,2023,retail,103,93857,16.2,33.5
CO01047,2024,healthcare,12,1452220,9.96,47.45
CO01048,2019,healthcare,25,621080,22.78,40.58
CO01049,2024,healthcare,25,139928,25.6,50.29
CO01050,2011,retail,54,1138291,13.93,30.06
CO01051,2015,services,48,518523,22.74,51.13
CO01052,2022,services,68,131926,27.5,39.14
CO01053,2018,manufacturing,43,309981,20.68,5.01
CO01054,2021,manufacturing,64,7475445,9.66,33.42
CO01055,2024,manufacturing,13,7002484,13.9,26.67
CO01056,2023,retail,49,644537,6.9,25.35
CO01057,2023,manufacturing,165,496100,13.75,23.7
CO01058,2024,healthcare,6,25182,7.38,24.21
CO01059,2022,retail,54,13780019,24.22,40.27
CO01060,2021,tech,65,3515469,18.3,53.91
CO01061,2013,tech,143,1990513,19.0,49.1
CO01062,2024,manufacturing,68,10000,3.31,10.2
CO01063,2024,retail,37,480145,0.04,32.17
CO01064,2021,manufacturing,51,343088,23.68,22.11
CO01065,2022,healthcare,16,1733461,16.27,39.73
CO01066,2023,tech,22,179501,27.95,51.52
CO01067,2018,tech,9,278334,16.12,50.11
CO01068,2024,retail,147,1527015,6.44,21.83
CO01069,2023,manufacturing,52,94168,20.95,36.97
CO01070,2018,services,13,140352,21.03,41.58
CO01071,2015,tech,43,651252,1.97,40.93
CO01072,2022,tech,106,6433127,20.81,52.06
CO01073,2017,tech,89,2228723,6.38,48.03
CO01074,2018,healthcare,13,3801126,7.64,43.41
CO01075,2019,tech,5,502139,0.94,26.55
CO01076,2024,services,49,8799065,18.82,50.35
CO01077,2020,manufacturing,14,13597,21.95,27.79
CO01078,2024,tech,62,25253578,6.91,51.91
CO01079,2023,manufacturing,86,32720683,23.78,30.97
CO01080,2022,retail,101,1102656,22.86,19.47
CO01081,2020,manufacturing,190,2337342,12.29,2.91
CO01082,2014,tech,114,410036,2.05,29.42
CO01083,2020,services,190,290937,8.41,30.84
CO01084,2023,services,132,130386,4.96,36.72
CO01085,2024,tech,143,401103,28.76,51.56
CO01086,2017,manufacturing,32,1344949,24.53,24.5
CO01087,2016,services,9,1024553,2.35,26.15
CO01088,2019,tech,396,23516342,15.4,48.11
CO01089,2020,services,35,540661,8.01,22.96
CO01090,2011,manufacturing,113,22524,0.96,29.8
CO01091,2021,retail,19,11859280,9.67,48.63
CO01092,2019,manufacturing,87,38487,3.83,33.18
CO01093,2024,services,5,144526,6.68,35.44
CO01094,2017,services,22,761835,9.8,32.54
CO01095,2023,services,30,1019018,12.27,39.39
CO01096,2018,tech,53,24566,14.05,49.3
CO01097,2017,services,97,99414,15.61,27.53
CO01098,2024,tech,11,22889,11.1,33.35
CO01099,2016,services,64,1534056,14.95,34.74
CO01100,2022,retail,113,4717359,12.54,24.01
CO01101,2024,tech,346,38419,28.93,48.22
CO01102,2019,services,67,3240764,2.03,26.39
CO01103,2024,manufacturing,21,2846376,17.58,31.55
CO01104,2023,services,9,118404,5.81,39.43
CO01105,2023,retail,206,10000,11.26,28.68
CO01106,2019,retail,69,51921,16.39,30.13
CO01107,2018,services,32,134522,22.79,42.36
CO01108,2015,retail,7,9658430,29.33,35.55
CO01109,2024,healthcare,13,349198,14.81,50.39
CO01110,2024,services,62,59062,7.71,39.67
CO01111,2020,healthcare,47,594631,23.75,30.99
CO01112,2014,tech,5,33166,6.65,54.72
CO01113,2023,manufacturing,62,1237594,15.24,21.37
CO01114,2014,manufacturing,7,62609,25.4,35.43
CO01115,2024,healthcare,128,83696,12.11,35.16
CO01116,2021,manufacturing,41,937511,16.71,27.73
CO01117,2022,healthcare,21,14657568,3.59,39.1
CO01118,2023,retail,89,35875857,1.68,20.21
CO01119,2022,healthcare,47,55285,29.59,50.21
CO01120,2024,manufacturing,125,134159,5.37,14.56
CO01121,2020,healthcare,36,1240548,10.07,29.96
CO01122,2018,retail,38,4581690,15.14,26.18
CO01123,2023,retail,25,10000,11.23,15.33
CO01124,2018,manufacturing,43,526851,2.92,16.35
CO01125,2024,manufacturing,181,166994,5.91,19.03
CO01126,2024,tech,20,10000,14.8,36.96
CO01127,2012,services,63,30505,13.16,39.25
CO01128,2024,manufacturing,14,142123,23.95,29.7
CO01129,2023,tech,5,497638,9.35,42.9
CO01130,2018,manufacturing,41,3322425,28.21,35.62
CO01131,2022,services,48,898692,8.48,44.93
CO01132,2011,tech,30,2943408,9.94,35.67
CO01133,2024,healthcare,7,466703,28.48,62.88
CO01134,2024,services,45,108023,25.21,47.39
CO01135,2023,retail,43,306355,9.51,28.02
CO01136,2021,services,14,1778062,11.86,47.1
CO01137,2014,healthcare,9,3488995,25.27,47.77
CO01138,2018,healthcare,26,329144,2.58,37.78
CO01139,2018,services,64,68993,8.84,25.9
CO01140,2024,retail,50,865719,15.95,40.11
CO01141,2023,tech,14,1150793,24.87,47.96
CO01142,2024,retail,38,5206602,16.94,35.1
CO01143,2020,healthcare,80,113831,14.69,43.55
CO01144,2017,retail,10,116355,28.86,46.41
CO01145,2016,retail,35,2007338,3.49,21.19
CO01146,2022,healthcare,126,195855,23.4,47.31
CO01147,2014,retail,9,179985,3.81,18.21
CO01148,2018,manufacturing,105,5434509,21.98,13.2
CO01149,2021,retail,167,28509,16.29,17.79
CO01150,2022,retail,27,27028604,7.94,40.1
CO01151,2019,manufacturing,23,129927,16.3,26.26
CO01152,2022,services,93,2504142,26.38,37.87
CO01153,2024,retail,27,355898,14.17,31.79
CO01154,2022,tech,5,761255,0.2,41.33
CO01155,2024,services,30,261562,1.7,34.59
CO01156,2023,manufacturing,53,2453812,18.98,17.13
CO01157,2024,services,69,220875,20.34,36.36
CO01158,2018,manufacturing,14,140660,12.05,25.68
CO01159,2023,services,25,16629414,7.28,26.67
CO01160,2023,services,88,469191,21.48,26.86
CO01161,2019,services,31,114531,9.12,29.38
CO01162,2017,services,7,22458,2.22,27.92
CO01163,2019,manufacturing,114,18460725,12.29,26.76
CO01164,2024,retail,27,146700,16.17,26.83
CO01165,2015,manufacturing,99,27334944,28.97,31.29
CO01166,2017,services,8,982355,17.77,36.96
CO01167,2016,manufacturing,29,588757,6.25,25.3
CO01168,2024,manufacturing,55,621373,24.97,41.25
CO01169,2022,retail,30,37203071,8.74,16.33
CO01170,2018,tech,10,10000,28.78,55.03
CO01171,2012,manufacturing,5,679208,9.76,24.91
CO01172,2014,healthcare,152,260300,27.29,46.73
CO01173,2012,services,42,288893,26.37,51.08
CO01174,2021,services,106,596374,25.92,33.64
CO01175,2020,services,84,259754,1.18,34.75
CO01176,2023,healthcare,60,644520,25.5,36.37
CO01177,2024,retail,24,422035,21.64,36.42
CO01178,2021,services,54,31980,10.03,28.36
CO01179,2022,tech,139,948590,14.7,43.68
CO01180,2018,retail,36,1852615,19.2,27.57
CO01181,2017,tech,222,149622,28.31,48.07
CO01182,2017,manufacturing,7,18546509,23.4,49.19
CO01183,2024,tech,7,6395745,12.86,42.18
CO01184,2024,retail,89,2392632,19.36,35.26
CO01185,2023,tech,15,2335277,5.58,51.63
CO01186,2024,tech,256,469861,12.72,34.42
CO01187,2021,manufacturing,126,4337220,23.74,41.05
CO01188,2020,manufacturing,162,10236898,18.2,23.55
CO01189,2019,manufacturing,80,2226737,23.5,30.16
CO01190,2019,retail,13,141412,15.29,23.41
CO01191,2024,manufacturing,6,408659,11.4,26.98
CO01192,2010,tech,148,1393515,22.28,47.22
CO01193,2017,manufacturing,7,2363111,2.81,28.82
CO01194,2023,healthcare,162,378906,29.36,38.52
CO01195,2014,tech,65,142398,28.45,45.41
CO01196,2020,tech,31,10516057,26.41,60.07
CO01197,2010,services,52,51811,26.53,50.39
CO01198,2022,manufacturing,53,67328,15.33,28.92
CO01199,2020,retail,27,31124,14.94,43.58
CO01200,2021,services,138,67030,24.6,39.56
CO01201,2023,retail,133,5361153,8.5,31.68
CO01202,2016,services,39,5732518,25.5,50.3
CO01203,2019,manufacturing,18,381516,6.03,34.62
CO01204,2022,tech,122,1193772,26.37,60.0
CO01205,2019,services,5,433215,16.23,29.81
CO01206,2021,services,52,40784,25.3,44.71
CO01207,2023,retail,69,37363842,14.79,37.68
CO01208,2024,services,14,6916911,18.25,40.91
CO01209,2020,services,88,898820,27.8,27.65
CO01210,2022,healthcare,32,79875,12.55,26.22
CO01211,2021,healthcare,19,282132,6.61,34.69
CO01212,2017,retail,87,110763,2.73,10.11
CO01213,2016,healthcare,11,537758,17.7,41.49
CO01214,2021,tech,79,822288,18.33,53.06
CO01215,2012,retail,5,223630,18.62,29.24
CO01216,2015,services,44,24129,1.11,26.57
CO01217,2019,manufacturing,35,31456555,0.82,16.17
CO01218,2021,retail,19,711445,26.86,41.23
CO01219,2023,tech,49,1102602,20.87,54.24
CO01220,2020,services,31,190076,3.4,18.66
CO01221,2018,healthcare,95,19457,2.24,23.16
CO01222,2011,services,58,374519,4.86,20.37
CO01223,2024,manufacturing,52,231782,24.21,33.92
CO01224,2014,services,44,1828613,21.69,42.7
CO01225,2014,retail,21,2709176,19.16,36.12
CO01226,2023,healthcare,24,2043263,19.22,45.06
CO01227,2021,tech,42,3193233,25.77,56.76
CO01228,2020,manufacturing,28,16310695,10.0,31.55
CO01229,2022,retail,101,964826,9.67,23.37
CO01230,2021,healthcare,36,3986529,12.76,38.09
CO01231,2021,retail,48,1187927,29.69,39.24
CO01232,2017,services,8,10000,16.65,32.54
CO01233,2022,tech,85,324798,16.41,61.52
CO01234,2020,tech,19,78008,24.29,46.83
CO01235,2018,manufacturing,12,702827,5.34,25.66
CO01236,2012,services,172,90942,12.16,31.63
CO01237,2017,retail,67,1485648,19.24,45.2
CO01238,2021,services,88,3147302,29.64,37.76
CO01239,2018,manufacturing,52,4911746,4.63,34.44
CO01240,2022,healthcare,30,11279789,13.56,43.89
CO01241,2012,retail,25,15490,27.17,54.17
CO01242,2020,retail,72,40215,21.77,33.63
CO01243,2023,healthcare,103,50000000,18.41,36.53
CO01244,2021,retail,31,3331880,7.71,29.06
CO01245,2012,retail,263,693076,5.62,29.12
CO01246,2014,healthcare,27,471688,11.23,40.86
CO01247,2015,healthcare,8,394857,7.65,38.49
CO01248,2020,tech,6,10000,24.25,53.69
CO01249,2023,healthcare,6,94404,21.62,41.56
CO01250,2013,services,22,353735,25.06,40.3
CO01251,2021,retail,26,105691,5.13,17.85
CO01252,2010,manufacturing,66,137273,9.3,35.04
CO01253,2023,retail,32,50000000,23.06,31.74
CO01254,2015,tech,77,267451,4.91,40.73
CO01255,2023,tech,35,771614,4.37,45.89
CO01256,2019,tech,34,718608,11.49,45.46
CO01257,2024,manufacturing,19,1438223,5.59,14.02
CO01258,2023,healthcare,137,170320,2.37,22.17
CO01259,2022,manufacturing,7,5357256,9.38,32.18
CO01260,2023,tech,45,1074240,26.27,46.76
CO01261,2021,manufacturing,28,33714,1.7,0.66
CO01262,2021,services,72,356821,16.98,39.05
CO01263,2020,healthcare,32,313546,16.89,35.37
CO01264,2018,services,33,285977,15.93,41.77
CO01265,2017,retail,25,1225174,15.17,31.79
CO01266,2017,services,133,1574503,0.52,25.06
CO01267,2016,tech,33,1243332,1.42,41.65
CO01268,2016,manufacturing,237,871377,15.34,10.5
CO01269,2021,manufacturing,43,525063,29.05,27.01
CO01270,2018,tech,34,10000,12.24,38.73
CO01271,2022,tech,29,2096511,14.17,39.24
CO01272,2024,healthcare,58,1174917,29.46,54.89
CO01273,2021,retail,18,61727,23.37,31.74
CO01274,2024,tech,38,775423,23.1,39.71
CO01275,2023,manufacturing,33,1616666,15.14,23.93
CO01276,2011,retail,46,4604267,26.94,40.85
CO01277,2023,healthcare,47,1227638,17.44,40.1
CO01278,2014,healthcare,50,841720,19.7,47.42
CO01279,2021,healthcare,36,2938896,23.63,52.84
CO01280,2022,retail,159,239646,12.2,43.82
CO01281,2019,healthcare,51,1008532,28.6,58.05
CO01282,2024,retail,449,127742,29.64,7.88
CO01283,2024,retail,35,4075864,17.61,32.79
CO01284,2018,healthcare,86,17686,6.66,29.49
CO01285,2021,services,16,2265881,23.25,48.15
CO01286,2024,tech,134,458363,9.66,32.64
CO01287,2021,healthcare,16,3050373,17.31,41.68
CO01288,2016,tech,52,92865,2.6,27.99
CO01289,2010,services,25,529647,24.22,37.11
CO01290,2020,manufacturing,52,499448,28.77,28.53
CO01291,2021,tech,26,1053646,2.83,39.51
CO01292,2024,services,15,54441,21.95,28.97
CO01293,2023,services,25,1579201,25.83,51.9
CO01294,2023,healthcare,155,11028,3.29,30.39
CO01295,2021,services,53,116345,7.4,18.99
CO01296,2020,services,9,19429,11.76,32.58
CO01297,2024,healthcare,99,2318518,25.1,33.66
CO01298,2024,healthcare,14,984866,14.8,54.14
CO01299,2024,manufacturing,70,1101383,4.11,33.86
CO01300,2024,tech,58,8422176,7.69,45.21
CO01301,2021,retail,61,235182,14.02,22.59
CO01302,2021,services,211,1497295,1.18,18.9
CO01303,2021,tech,14,504864,18.93,46.03
CO01304,2022,tech,61,372328,0.76,37.48
CO01305,2018,retail,117,6035997,23.43,46.73
CO01306,2015,healthcare,17,28452845,22.02,58.57
CO01307,2024,retail,16,186664,25.96,44.67
CO01308,2023,healthcare,25,2344163,4.73,40.33
CO01309,2013,healthcare,46,837547,18.08,34.34
CO01310,2017,retail,8,857884,23.43,31.63
CO01311,2020,retail,57,725310,15.47,32.13
CO01312,2015,healthcare,8,227258,3.92,26.83
CO01313,2021,services,121,10000,2.97,25.13
CO01314,2012,services,55,9526792,18.18,47.61
CO01315,2018,healthcare,224,110253,14.93,36.8
CO01316,2017,tech,65,272906,27.89,55.41
CO01317,2021,retail,24,284763,25.02,21.69
CO01318,2022,services,15,92262,21.71,49.64
CO01319,2017,tech,42,715316,29.47,41.69
CO01320,2020,healthcare,32,404891,20.84,43.41
CO01321,2024,manufacturing,108,105548,2.77,20.89
CO01322,2016,retail,13,596362,2.33,29.47
CO01323,2024,retail,250,414118,24.48,17.54
CO01324,2021,tech,118,2829688,10.82,34.73
CO01325,2024,manufacturing,27,30310,27.73,32.46
CO01326,2014,healthcare,200,88364,3.55,31.53
CO01327,2012,tech,15,1887181,5.96,35.86
CO01328,2021,manufacturing,41,123070,23.2,32.17
CO01329,2023,services,9,72634,25.42,28.66
CO01330,2022,manufacturing,210,135865,26.02,28.79
CO01331,2024,services,6,361509,2.97,24.53
CO01332,2023,services,8,364266,11.45,36.42
CO01333,2016,healthcare,18,290710,19.39,43.37
CO01334,2022,services,124,56549,27.56,46.24
CO01335,2019,services,86,2076756,7.17,34.54
CO01336,2010,retail,37,6277231,18.01,31.52
CO01337,2012,tech,92,10000,4.31,37.4
CO01338,2021,tech,30,19789,22.42,64.02
CO01339,2015,tech,51,3287749,3.83,48.8
CO01340,2023,healthcare,173,10217297,30.0,46.97
CO01341,2019,tech,26,10000,2.77,29.73
CO01342,2022,manufacturing,15,2259994,20.56,27.31
CO01343,2022,services,53,11707728,23.31,49.51
CO01344,2017,services,69,78839,7.74,22.55
CO01345,2022,tech,37,10421021,7.64,46.75
CO01346,2023,healthcare,90,309902,17.88,52.01
CO01347,2018,manufacturing,27,830077,18.91,30.93
CO01348,2014,tech,38,104980,21.62,39.53
CO01349,2011,tech,48,3275748,17.41,67.21
CO01350,2019,healthcare,44,2347600,5.23,52.56
CO01351,2018,healthcare,166,13928096,27.72,50.97
CO01352,2024,services,48,7890852,5.0,44.84
CO01353,2024,retail,24,434390,16.96,30.96
CO01354,2023,healthcare,56,50000000,27.6,58.63
CO01355,2017,retail,91,6593436,27.39,35.51
CO01356,2024,retail,72,1304110,5.04,15.69
CO01357,2021,services,68,60215,7.16,49.8
CO01358,2021,retail,7,20742,18.06,19.43
CO01359,2019,manufacturing,5,24586,10.11,24.37
CO01360,2024,services,119,68368,21.93,36.85
CO01361,2014,tech,51,6952454,15.67,53.83
CO01362,2017,healthcare,32,1171947,7.98,38.76
CO01363,2022,tech,66,129735,12.33,42.02
CO01364,2021,healthcare,228,337142,20.73,37.63
CO01365,2024,retail,136,264212,23.55,35.16
CO01366,2023,manufacturing,87,2191509,11.09,24.57
CO01367,2021,retail,14,76298,3.15,23.96
CO01368,2012,manufacturing,16,890352,10.6,15.53
CO01369,2015,tech,5,806268,18.91,66.68
CO01370,2016,tech,62,81004,22.79,51.76
CO01371,2024,manufacturing,100,10596264,26.39,35.28
CO01372,2020,services,109,244961,28.86,34.96
CO01373,2022,healthcare,65,60748,15.88,30.53
CO01374,2023,healthcare,28,2435737,26.41,56.61
CO01375,2024,healthcare,19,493358,7.86,37.62
CO01376,2015,services,15,1001346,16.79,44.34
CO01377,2015,services,28,41383,16.18,23.91
CO01378,2019,retail,12,2246384,23.06,50.97
CO01379,2017,healthcare,192,34101663,23.19,51.94
CO01380,2024,healthcare,9,35395,8.56,35.84
CO01381,2018,manufacturing,27,898442,26.58,37.4
CO01382,2023,tech,5,91984,26.74,57.81
CO01383,2024,tech,45,50000000,28.45,48.0
CO01384,2023,manufacturing,33,5279093,13.73,42.54
CO01385,2021,services,23,777792,29.62,49.03
CO01386,2021,manufacturing,13,37959,23.55,23.28
CO01387,2019,healthcare,33,61567,19.6,32.94
CO01388,2024,manufacturing,19,1968040,12.97,36.01
CO01389,2022,services,29,28998,25.27,40.49
CO01390,2024,services,234,30877,22.92,33.37
CO01391,2023,healthcare,39,450296,17.57,43.06
CO01392,2020,services,56,577713,29.91,35.61
CO01393,2018,manufacturing,21,946061,7.48,28.48
CO01394,2017,tech,15,183679,19.25,46.99
CO01395,2022,services,32,2786489,9.63,36.17
CO01396,2022,tech,405,78934,13.74,48.22
CO01397,2021,retail,25,1549261,10.17,38.14
CO01398,2022,manufacturing,48,678908,10.04,31.63
CO01399,2016,tech,14,1470772,11.3,68.9
CO01400,2024,services,5,4704340,1.7,37.16
CO01401,2023,retail,15,177963,1.2,25.46
CO01402,2021,manufacturing,358,117929,21.75,10.13
CO01403,2018,retail,60,15111,9.33,20.19
CO01404,2017,retail,171,10000,0.64,-1.84
CO01405,2022,retail,23,311156,2.44,31.8
CO01406,2021,tech,5,356808,5.88,32.95
CO01407,2023,tech,11,50404,1.45,45.5
CO01408,2021,services,49,77481,28.38,40.4
CO01409,2013,tech,42,9312868,17.05,52.13
CO01410,2021,manufacturing,33,2550192,11.82,26.95
CO01411,2013,tech,19,35482,15.98,55.89
CO01412,2024,manufacturing,85,182645,3.38,27.5
CO01413,2021,services,20,996500,21.06,41.07
CO01414,2023,manufacturing,45,126386,29.09,24.65
CO01415,2011,services,40,87781,3.92,36.41
CO01416,2019,retail,23,224921,4.58,18.36
CO01417,2023,manufacturing,14,3918900,18.86,19.65
CO01418,2022,retail,22,4698729,4.56,33.82
CO01419,2024,manufacturing,216,101631,3.78,21.83
CO01420,2018,tech,101,1111367,20.11,44.48
CO01421,2024,retail,92,436776,18.56,34.42
CO01422,2023,services,15,58896,6.53,27.52
CO01423,2020,services,8,244226,24.7,47.69
CO01424,2023,retail,99,35296,3.16,28.95
CO01425,2022,retail,82,4529447,9.98,28.0
CO01426,2022,retail,38,9869345,22.17,30.67
CO01427,2013,retail,23,194629,18.42,21.25
CO01428,2011,healthcare,8,120793,18.0,50.13
CO01429,2011,services,79,3646173,20.59,31.17
CO01430,2024,retail,108,5036882,19.39,36.87
CO01431,2017,manufacturing,17,47628,26.23,36.58
CO01432,2021,manufacturing,15,329032,17.06,24.16
CO01433,2021,manufacturing,115,393219,12.04,20.55
CO01434,2010,retail,17,94697,22.98,42.55
CO01435,2023,healthcare,196,957387,7.78,26.11
CO01436,2019,retail,30,109109,22.79,26.84
CO01437,2016,manufacturing,22,150163,8.4,20.75
CO01438,2024,tech,35,361246,14.41,56.39
CO01439,2016,manufacturing,22,22513,22.18,40.12
CO01440,2011,healthcare,102,10000,18.83,35.6
CO01441,2012,healthcare,80,2776064,2.57,30.19
CO01442,2021,manufacturing,98,100644,13.4,30.12
CO01443,2021,tech,40,31633529,24.36,42.95
CO01444,2021,services,21,22832050,29.9,51.42
CO01445,2022,services,33,160659,14.0,34.71
CO01446,2024,healthcare,22,47588704,2.58,51.97
CO01447,2019,manufacturing,144,2885327,10.99,33.75
CO01448,2023,tech,90,121707,14.7,35.26
CO01449,2021,healthcare,30,10000,2.2,32.29
CO01450,2021,services,13,1752073,25.93,40.13
CO01451,2023,healthcare,155,470989,16.16,35.21
CO01452,2011,tech,38,1048344,12.48,51.29
CO01453,2024,manufacturing,29,279939,11.92,22.17
CO01454,2018,manufacturing,156,44904,0.85,13.59
CO01455,2019,retail,20,188329,15.57,39.22
CO01456,2019,healthcare,24,1818049,14.27,55.59
CO01457,2023,tech,26,217781,10.38,46.21
CO01458,2014,tech,9,215165,19.76,50.2
CO01459,2019,retail,45,21188,12.33,17.46
CO01460,2020,healthcare,15,530938,17.15,56.48
CO01461,2020,tech,19,47864,26.55,54.41
CO01462,2016,manufacturing,16,2777473,10.92,28.71
CO01463,2010,tech,18,101905,11.94,44.77
CO01464,2016,retail,14,244896,25.98,40.21
CO01465,2024,manufacturing,42,33530536,10.74,35.66
CO01466,2022,tech,28,239630,13.18,52.5
CO01467,2022,retail,35,183294,24.02,48.04
CO01468,2016,manufacturing,349,1427227,17.76,18.87
CO01469,2021,tech,28,12450,28.02,63.24
CO01470,2024,manufacturing,61,5398429,14.12,36.68
CO01471,2017,services,68,3229636,14.37,36.97
CO01472,2018,retail,31,1262877,1.29,12.92
CO01473,2017,tech,44,10000,5.92,37.94
CO01474,2019,manufacturing,34,263333,16.2,39.19
CO01475,2020,services,41,34692,5.61,22.51
CO01476,2023,tech,18,4190009,13.61,50.04
CO01477,2023,retail,20,3631375,8.5,32.9
CO01478,2017,healthcare,34,961278,0.62,43.02
CO01479,2024,retail,5,39885,14.25,26.54
CO01480,2024,retail,148,8785282,19.39,26.01
CO01481,2021,services,287,261837,10.15,28.13
CO01482,2016,manufacturing,39,16366418,23.3,29.08
CO01483,2020,retail,64,752212,4.38,11.18
CO01484,2017,services,98,1219090,2.74,43.99
CO01485,2023,tech,9,176202,28.05,60.58
CO01486,2017,services,84,7377247,27.65,59.51
CO01487,2024,retail,22,1493850,12.2,39.27
CO01488,2024,healthcare,327,7926985,12.6,37.73
CO01489,2018,services,27,631013,25.53,45.67
CO01490,2021,healthcare,82,402690,15.92,38.68
CO01491,2021,tech,28,1454627,3.51,46.76
CO01492,2020,tech,298,7921419,3.45,29.44
CO01493,2013,healthcare,20,3380278,3.93,30.65
CO01494,2024,retail,106,583294,23.42,30.74
CO01495,2024,healthcare,62,10781,18.06,48.02
CO01496,2024,services,50,2237281,8.99,25.18
CO01497,2016,manufacturing,42,24899,4.86,8.16
CO01498,2012,tech,17,474497,3.7,46.58
CO01499,2015,tech,5,350974,22.24,47.92
CO01500,2019,services,97,25963,26.58,40.49
CO01501,2014,tech,20,931923,15.93,56.58
CO01502,2021,tech,107,32888561,23.18,56.77
CO01503,2013,retail,47,236756,8.49,22.16
CO01504,2023,healthcare,110,2046740,17.57,52.09
CO01505,2024,services,74,49198794,13.14,45.8
CO01506,2012,services,5,2483616,2.63,34.0
CO01507,2021,services,61,121821,14.62,33.75
CO01508,2022,manufacturing,23,710716,25.4,35.94
CO01509,2015,retail,106,1157253,1.55,20.79
CO01510,2024,manufacturing,60,7784353,14.31,15.75
CO01511,2014,manufacturing,61,5015785,26.2,40.17
CO01512,2013,healthcare,25,10000,23.7,47.43
CO01513,2018,healthcare,13,79824,14.8,22.02
CO01514,2024,services,21,384595,5.14,36.25
CO01515,2024,healthcare,5,58071,25.46,59.75
CO01516,2015,healthcare,18,10000,4.59,23.61
CO01517,2022,services,8,103648,8.3,32.1
CO01518,2023,healthcare,8,439230,3.73,35.68
CO01519,2022,tech,37,154729,13.77,58.03
CO01520,2024,tech,56,60241,18.88,54.37
CO01521,2024,manufacturing,32,480666,24.81,24.8
CO01522,2024,tech,20,878680,13.84,50.28
CO01523,2023,retail,13,173304,29.12,56.94
CO01524,2023,tech,24,6875587,17.88,46.87
CO01525,2021,healthcare,15,496544,18.13,44.11
CO01526,2024,services,31,77417,5.26,34.01
CO01527,2014,tech,7,46673,5.7,35.59
CO01528,2018,services,67,288964,17.3,50.16
CO01529,2019,services,19,4101409,21.63,39.55
CO01530,2021,retail,48,85188,6.14,13.66
CO01531,2022,healthcare,80,1456808,14.52,36.89
CO01532,2024,healthcare,46,534514,10.69,44.56
CO01533,2021,healthcare,74,23830240,13.16,37.62
CO01534,2024,tech,5,965598,6.66,47.08
CO01535,2024,manufacturing,20,109485,4.22,24.73
CO01536,2023,services,100,1929437,9.62,23.51
CO01537,2020,manufacturing,55,2063767,26.07,28.77
CO01538,2023,manufacturing,210,199981,24.16,26.12
CO01539,2022,retail,182,43131,3.05,22.67
CO01540,2022,manufacturing,45,1292476,2.63,17.09
CO01541,2011,services,26,502338,14.79,38.32
CO01542,2013,tech,13,21309,8.32,38.33
CO01543,2019,services,21,736041,24.7,48.54
CO01544,2023,services,22,123749,14.59,39.64
CO01545,2018,tech,18,21349,25.58,46.04
CO01546,2018,services,13,218768,3.25,34.69
CO01547,2023,manufacturing,49,5756484,29.1,32.97
CO01548,2020,retail,181,4956066,23.01,36.42
CO01549,2012,manufacturing,84,2938777,21.96,34.26
CO01550,2023,manufacturing,24,758020,28.21,53.36
CO01551,2013,retail,91,1456569,14.11,27.75
CO01552,2022,services,47,538902,4.47,30.06
CO01553,2018,services,32,48528,14.91,28.95
CO01554,2024,retail,30,72330,24.46,26.19
CO01555,2024,manufacturing,27,131352,25.79,27.31
CO01556,2023,services,64,7295134,14.66,44.05
CO01557,2023,manufacturing,38,3810921,21.97,38.55
CO01558,2017,manufacturing,16,51033,7.41,23.44
CO01559,2015,healthcare,15,492269,6.92,36.22
CO01560,2021,healthcare,45,197755,17.59,37.68
CO01561,2017,retail,51,324421,12.65,22.18
CO01562,2019,services,24,151435,4.83,26.31
CO01563,2019,healthcare,11,7358622,22.84,39.59
CO01564,2021,tech,116,425996,15.96,54.76
CO01565,2013,manufacturing,94,681678,15.61,39.86
CO01566,2019,services,5,692813,5.68,18.29
CO01567,2020,tech,126,56639,7.23,39.02
CO01568,2022,retail,27,549688,20.78,37.35
CO01569,2022,services,40,3702925,25.56,46.0
CO01570,2019,healthcare,103,8413784,5.32,32.93
CO01571,2023,healthcare,173,44550,24.37,46.29
CO01572,2023,services,90,21222,23.64,38.46
CO01573,2024,tech,42,500953,24.45,59.57
CO01574,2023,tech,8,4066833,17.45,45.77
CO01575,2020,healthcare,5,908175,10.56,30.48
CO01576,2024,services,80,1724749,23.13,44.08
CO01577,2023,tech,127,29129,14.4,31.75
CO01578,2024,tech,15,140930,6.66,50.39
CO01579,2018,tech,25,10000,12.07,24.07
CO01580,2011,healthcare,19,332709,13.73,37.61
CO01581,2022,services,18,10000,15.16,27.99
CO01582,2024,healthcare,97,6358629,26.93,45.72
CO01583,2021,tech,41,9915829,12.33,50.95
CO01584,2020,services,26,586124,8.54,37.34
CO01585,2022,healthcare,472,21479,28.87,32.64
CO01586,2023,manufacturing,8,937925,7.26,30.85
CO01587,2024,services,57,18224276,0.33,31.57
CO01588,2011,services,12,1145636,25.49,60.88
CO01589,2015,tech,28,4732518,28.63,67.74
CO01590,2024,manufacturing,38,167655,20.46,25.65
CO01591,2024,retail,77,77464,12.23,25.45
CO01592,2017,tech,26,383953,16.31,44.88
CO01593,2021,manufacturing,23,10000,24.96,30.52
CO01594,2013,healthcare,25,40962891,26.56,45.54
CO01595,2024,tech,11,584960,3.08,35.72
CO01596,2022,retail,62,2504365,26.04,20.88
CO01597,2021,services,44,175779,18.52,33.8
CO01598,2018,retail,51,20207,0.97,28.86
CO01599,2023,tech,31,7660820,3.25,43.19
CO01600,2011,tech,27,46714,1.37,36.74
CO01601,2019,tech,107,888844,28.46,53.61
CO01602,2024,healthcare,92,1073215,12.8,31.37
CO01603,2014,manufacturing,136,512934,21.47,26.27
CO01604,2017,healthcare,48,92118,0.05,38.94
CO01605,2021,services,128,327989,23.8,39.47
CO01606,2022,retail,22,66164,14.46,37.5
CO01607,2020,healthcare,27,2231881,27.71,60.43
CO01608,2022,retail,109,1387610,15.63,35.73
CO01609,2016,tech,77,423875,23.66,43.59
CO01610,2022,healthcare,25,141959,18.88,39.92
CO01611,2024,manufacturing,12,29937900,15.62,48.44
CO01612,2023,manufacturing,27,32724,28.45,33.13
CO01613,2019,manufacturing,17,20146,14.87,25.1
CO01614,2016,healthcare,186,375490,26.77,34.47
CO01615,2015,retail,71,264053,1.08,21.95
CO01616,2022,healthcare,15,3973527,19.72,53.23
CO01617,2013,healthcare,12,1610786,27.35,50.46
CO01618,2018,services,15,469325,26.98,39.41
CO01619,2021,tech,19,1203416,14.55,46.02
CO01620,2022,tech,28,1160465,14.16,57.25
CO01621,2024,tech,101,29713541,24.32,59.11
CO01622,2024,services,13,734339,10.05,39.99
CO01623,2019,retail,327,113305,28.11,28.47
CO01624,2021,healthcare,13,658027,7.52,29.85
CO01625,2023,tech,8,10000,2.23,39.03
CO01626,2014,retail,179,414448,23.16,38.49
CO01627,2021,retail,124,3937139,12.14,27.25
CO01628,2021,healthcare,28,1475294,10.67,49.08
CO01629,2019,tech,48,803805,9.63,48.57
CO01630,2014,manufacturing,50,1620877,29.41,41.48
CO01631,2023,healthcare,38,4018877,17.15,45.71
CO01632,2024,healthcare,9,7651917,29.76,60.63
CO01633,2024,healthcare,5,1082638,10.31,29.91
CO01634,2021,services,14,235102,12.42,35.76
CO01635,2024,tech,204,10000,6.35,36.77
CO01636,2011,tech,212,3129384,12.91,43.29
CO01637,2024,manufacturing,25,1239731,1.86,30.53
CO01638,2022,manufacturing,13,600380,0.02,19.2
CO01639,2024,manufacturing,44,111736,13.59,19.6
CO01640,2017,tech,51,3048938,22.38,38.95
CO01641,2011,services,60,264481,13.11,31.95
CO01642,2020,retail,5,412980,15.54,37.22
CO01643,2024,tech,500,395546,13.37,33.24
CO01644,2024,healthcare,103,1087838,15.8,29.27
CO01645,2024,retail,27,44477,23.27,42.8
CO01646,2024,retail,16,1362870,24.11,30.57
CO01647,2024,manufacturing,89,104633,25.14,26.91
CO01648,2023,healthcare,54,112239,6.37,30.43
CO01649,2020,healthcare,36,2598591,13.74,46.49
CO01650,2022,tech,52,60472,24.93,49.35
CO01651,2022,services,30,2589265,28.26,51.07
CO01652,2024,services,49,541844,16.29,51.78
CO01653,2020,healthcare,68,16373,14.79,39.5
CO01654,2020,healthcare,47,6776367,22.94,43.85
CO01655,2016,services,44,822832,29.75,48.15
CO01656,2016,services,133,973109,12.78,48.18
CO01657,2022,retail,7,3316712,4.95,35.46
CO01658,2018,healthcare,15,8872272,25.03,58.68
CO01659,2023,healthcare,34,661360,21.31,32.63
CO01660,2016,healthcare,16,1520537,4.35,41.71
CO01661,2018,healthcare,22,929471,9.71,38.32
CO01662,2024,services,120,222852,16.6,27.84
CO01663,2022,healthcare,29,18641,21.94,41.43
CO01664,2023,services,5,679997,23.42,43.49
CO01665,2024,retail,22,6975228,4.67,25.37
CO01666,2013,tech,35,1420708,6.5,45.36
CO01667,2019,healthcare,34,52321,22.32,41.45
CO01668,2020,manufacturing,58,3973043,3.48,28.27
CO01669,2016,healthcare,53,238246,14.94,42.03
CO01670,2020,retail,29,10000,16.38,31.09
CO01671,2020,retail,10,3388194,10.18,40.57
CO01672,2024,healthcare,21,66785,23.89,48.88
CO01673,2012,manufacturing,18,15579347,1.66,24.94
CO01674,2017,services,25,4393104,23.32,27.32
CO01675,2021,retail,66,280520,19.38,36.21
CO01676,2016,services,50,1108723,15.22,30.02
CO01677,2019,manufacturing,75,50000000,26.17,35.67
CO01678,2023,healthcare,23,3269063,6.07,43.08
CO01679,2024,manufacturing,150,712403,24.02,37.85
CO01680,2013,tech,65,50000000,5.63,61.23
CO01681,2015,services,37,559703,29.71,36.89
CO01682,2014,healthcare,61,1416400,0.98,24.52
CO01683,2023,healthcare,17,68021,16.6,43.58
CO01684,2024,tech,5,15530,5.04,40.84
CO01685,2015,healthcare,18,248797,12.24,30.69
CO01686,2014,retail,70,477737,4.44,24.98
CO01687,2019,healthcare,36,854718,5.81,42.64
CO01688,2021,services,29,25860,1.83,17.11
CO01689,2024,healthcare,14,1658374,0.24,28.79
CO01690,2023,retail,5,84055,21.58,29.04
CO01691,2021,services,138,1494748,13.6,31.64
CO01692,2022,services,27,2870087,1.37,38.0
CO01693,2023,tech,22,200582,28.17,50.24
CO01694,2021,services,17,64367,19.97,38.03
CO01695,2022,tech,116,9696723,7.93,61.6
CO01696,2021,healthcare,80,2535304,13.16,33.42
CO01697,2023,tech,13,599560,14.68,42.56
CO01698,2023,tech,106,8342350,17.1,53.86
CO01699,2024,manufacturing,29,522574,25.72,40.4
CO01700,2016,tech,18,127897,17.7,50.56
CO01701,2021,tech,25,59670,29.36,66.35
CO01702,2010,tech,15,356611,21.8,53.18
CO01703,2021,retail,9,2070790,29.66,26.11
CO01704,2021,manufacturing,72,7127837,16.52,30.09
CO01705,2022,tech,27,463712,20.35,45.18
CO01706,2019,tech,61,5006511,22.14,63.21
CO01707,2017,services,44,288214,22.64,47.36
CO01708,2022,retail,57,92670,0.73,9.09
CO01709,2014,services,5,32447,3.82,39.98
CO01710,2024,healthcare,14,160736,6.83,44.75
CO01711,2022,tech,59,34985,8.14,36.67
CO01712,2024,healthcare,9,24618857,27.16,53.02
CO01713,2022,services,48,1065114,21.68,51.71
CO01714,2016,healthcare,8,365408,4.3,21.43
CO01715,2023,manufacturing,34,13852877,12.79,33.33
CO01716,2022,tech,166,32710,7.29,43.23
CO01717,2023,healthcare,72,336285,24.9,44.13
CO01718,2023,manufacturing,5,24139198,27.53,44.15
CO01719,2016,tech,77,331677,4.93,40.46
CO01720,2021,tech,205,50000000,12.5,38.05
CO01721,2021,retail,500,2129099,28.59,15.31
CO01722,2010,retail,53,6027553,19.71,42.16
CO01723,2019,manufacturing,8,6387092,26.04,31.42
CO01724,2016,manufacturing,51,443833,10.73,11.73
CO01725,2024,healthcare,163,166637,6.29,32.03
CO01726,2020,healthcare,27,351202,20.74,40.51
CO01727,2024,services,94,61459,4.12,16.94
CO01728,2021,services,14,387733,25.2,43.06
CO01729,2024,healthcare,48,438531,22.65,51.13
CO01730,2018,retail,5,12974156,9.15,34.19
CO01731,2022,manufacturing,13,1449242,14.96,20.45
CO01732,2014,services,33,49885209,23.98,50.79
CO01733,2023,retail,23,10000,28.05,42.44
CO01734,2024,healthcare,9,38789,10.56,55.3
CO01735,2018,retail,20,217359,23.7,47.33
CO01736,2015,tech,46,8753716,5.83,37.21
CO01737,2018,retail,30,355345,27.11,44.56
CO01738,2022,healthcare,35,23490,20.59,43.02
CO01739,2017,retail,69,270966,4.58,15.32
CO01740,2013,retail,23,40328,22.19,35.17
CO01741,2015,healthcare,129,27248,21.72,53.3
CO01742,2024,tech,12,24098391,22.27,65.62
CO01743,2018,tech,228,218990,10.35,27.7
CO01744,2015,healthcare,101,625499,22.19,43.18
CO01745,2017,retail,23,367356,24.8,40.79
CO01746,2020,tech,25,267535,10.41,30.36
CO01747,2024,manufacturing,41,82345,6.24,6.5
CO01748,2021,services,60,237691,26.64,42.01
CO01749,2023,services,99,868454,18.62,38.1
CO01750,2013,tech,9,7551604,13.81,35.84
CO01751,2017,retail,51,2942797,26.39,42.13
CO01752,2021,services,5,38633,4.08,38.21
CO01753,2023,services,28,3194895,24.32,42.27
CO01754,2023,services,142,1144955,14.72,33.9
CO01755,2023,retail,8,126824,1.28,28.99
CO01756,2018,healthcare,7,636789,29.18,53.86
CO01757,2023,tech,41,1389666,23.34,38.65
CO01758,2019,healthcare,133,486069,6.44,26.37
CO01759,2024,healthcare,46,1156011,27.71,45.6
CO01760,2020,services,5,78755,28.06,35.47
CO01761,2016,manufacturing,6,23811139,24.01,48.88
CO01762,2023,retail,37,10000,3.82,26.56
CO01763,2017,manufacturing,10,1405217,5.59,15.5
CO01764,2018,tech,38,921287,22.62,49.56
CO01765,2019,retail,40,1600596,27.41,48.29
CO01766,2019,services,20,107286,6.45,26.15
CO01767,2021,manufacturing,203,4585428,13.82,29.01
CO01768,2024,manufacturing,60,356481,4.64,31.33
CO01769,2023,manufacturing,111,41256,14.34,30.21
CO01770,2023,tech,83,49532,19.28,45.74
CO01771,2017,healthcare,29,567735,0.56,45.03
CO01772,2012,healthcare,27,18159,19.29,36.16
CO01773,2022,retail,25,16207942,19.19,58.4
CO01774,2024,retail,65,3605036,13.65,34.27
CO01775,2023,services,17,17084610,26.86,56.91
CO01776,2018,tech,186,13836865,4.04,36.42
CO01777,2019,tech,16,218859,1.54,43.88
CO01778,2015,healthcare,41,77756,14.87,43.66
CO01779,2020,tech,26,10000,15.99,35.58
CO01780,2024,manufacturing,21,196325,8.0,15.12
CO01781,2018,healthcare,291,15116625,28.85,40.99
CO01782,2024,services,21,84482,7.61,40.42
CO01783,2023,retail,24,290732,8.1,13.53
CO01784,2023,tech,17,145926,24.33,47.85
CO01785,2021,services,35,936580,27.68,54.42
CO01786,2010,manufacturing,30,5793049,16.08,20.67
CO01787,2020,healthcare,11,20365,0.57,41.78
CO01788,2024,services,22,29865,10.66,22.79
CO01789,2020,tech,61,8651472,6.72,37.76
CO01790,2018,retail,92,1916734,15.33,30.17
CO01791,2024,services,34,263349,20.48,53.85
CO01792,2016,services,35,13445641,11.77,34.06
CO01793,2018,services,23,28852,16.12,20.6
CO01794,2011,retail,20,2848852,22.8,27.22
CO01795,2021,retail,13,385973,7.38,36.06
CO01796,2023,retail,7,1488214,5.88,18.88
CO01797,2023,services,16,10000,24.17,47.0
CO01798,2016,tech,82,262654,1.11,37.81
CO01799,2021,healthcare,22,1931086,4.52,38.49
CO01800,2022,retail,23,389780,0.37,27.09
CO01801,2017,manufacturing,23,5447108,16.66,24.62
CO01802,2023,retail,115,5094183,18.0,34.04
CO01803,2010,manufacturing,13,65047,15.93,16.2
CO01804,2012,services,44,2299001,12.43,47.82
CO01805,2021,tech,31,60759,15.87,36.69
CO01806,2019,manufacturing,35,492884,5.82,25.75
CO01807,2023,tech,42,1643364,24.79,44.61
CO01808,2020,tech,35,83235,29.42,47.64
CO01809,2017,services,73,2134733,16.22,34.69
CO01810,2023,manufacturing,32,161020,11.23,47.57
CO01811,2020,services,189,138497,23.75,33.41
CO01812,2021,retail,35,1818098,5.79,22.22
CO01813,2012,retail,6,83121,9.62,24.61
CO01814,2014,manufacturing,63,75081,28.2,18.01
CO01815,2024,tech,49,3549481,5.59,42.63
CO01816,2019,healthcare,34,549692,3.36,50.99
CO01817,2019,retail,26,24143,16.39,31.95
CO01818,2023,services,5,2449226,17.62,48.49
CO01819,2024,tech,5,196181,17.91,41.1
CO01820,2024,services,172,26741,4.93,21.19
CO01821,2024,retail,18,10000,21.63,32.78
CO01822,2023,retail,87,2694783,7.27,22.12
CO01823,2011,manufacturing,7,79234,28.44,35.68
CO01824,2021,tech,12,36765,6.84,45.48
CO01825,2017,tech,65,1589302,0.52,44.14
CO01826,2016,services,30,2216817,17.04,38.65
CO01827,2019,retail,57,91655,6.09,33.2
CO01828,2023,manufacturing,33,2744971,18.86,28.84
CO01829,2024,services,27,26957870,6.88,35.1
CO01830,2015,services,17,6539207,12.84,51.1
CO01831,2014,services,10,4790350,5.39,26.9
CO01832,2019,healthcare,135,829234,12.86,23.76
CO01833,2022,services,159,182145,4.1,18.28
CO01834,2024,retail,12,395627,10.14,33.15
CO01835,2021,retail,11,1068197,5.97,39.47
CO01836,2024,healthcare,23,35773,24.48,38.62
CO01837,2011,manufacturing,47,94962,21.88,42.33
CO01838,2012,manufacturing,28,25450,5.0,18.77
CO01839,2018,healthcare,55,708123,2.49,34.29
CO01840,2017,retail,32,522357,0.77,18.1
CO01841,2022,retail,30,119920,6.8,41.84
CO01842,2014,tech,370,2282994,14.41,33.77
CO01843,2022,tech,20,54764,12.0,32.64
CO01844,2014,services,171,111338,29.14,56.34
CO01845,2021,manufacturing,141,2107584,23.77,31.87
CO01846,2016,retail,55,2835224,2.35,33.19
CO01847,2020,retail,5,90088,4.77,39.33
CO01848,2023,services,34,703684,0.8,35.11
CO01849,2015,tech,20,93189,4.15,47.8
CO01850,2019,services,34,298140,15.88,37.14
CO01851,2024,healthcare,11,589880,2.3,42.53
CO01852,2010,manufacturing,71,1356925,1.8,19.73
CO01853,2024,manufacturing,89,834942,3.54,19.41
CO01854,2022,manufacturing,107,764001,20.08,27.97
CO01855,2022,tech,23,51174,0.58,34.21
CO01856,2022,services,11,961791,29.09,49.67
CO01857,2021,retail,47,1331918,11.42,34.77
CO01858,2013,manufacturing,192,1754806,10.1,26.17
CO01859,2018,tech,35,104920,14.24,49.71
CO01860,2021,healthcare,52,2761187,15.54,59.49
CO01861,2014,retail,26,31746,12.6,36.12
CO01862,2021,tech,20,186906,14.59,44.4
CO01863,2017,services,64,254985,10.19,36.1
CO01864,2017,healthcare,30,35425,9.66,47.5
CO01865,2023,manufacturing,50,247354,0.82,10.71
CO01866,2024,tech,55,688976,20.15,65.12
CO01867,2016,healthcare,47,11481,18.52,32.4
CO01868,2022,retail,58,200912,20.06,39.56
CO01869,2024,retail,14,13402,28.23,35.01
CO01870,2014,services,13,26247401,14.19,41.67
CO01871,2023,retail,32,676699,26.45,27.63
CO01872,2023,tech,33,569013,13.32,53.5
CO01873,2020,services,20,703727,14.33,27.22
CO01874,2021,retail,42,1482204,18.99,23.32
CO01875,2022,healthcare,82,3129268,6.48,47.19
CO01876,2021,tech,109,19397,6.52,50.06
CO01877,2022,healthcare,136,6079026,15.29,35.61
CO01878,2018,services,9,5344885,2.06,42.28
CO01879,2016,retail,10,387436,7.1,34.96
CO01880,2020,manufacturing,25,348900,23.8,30.48
CO01881,2024,healthcare,36,10000,13.91,47.25
CO01882,2022,tech,26,36754,0.8,35.67
CO01883,2016,healthcare,19,1248806,1.82,41.14
CO01884,2018,manufacturing,24,4882827,27.59,26.29
CO01885,2024,healthcare,54,1900587,28.7,39.85
CO01886,2010,retail,9,380244,19.23,44.03
CO01887,2021,services,345,20826679,5.55,28.61
CO01888,2011,healthcare,34,3303031,11.04,41.03
CO01889,2022,retail,95,201258,9.16,40.7
CO01890,2022,tech,19,34768463,23.55,72.03
CO01891,2024,retail,59,49398,16.11,32.18
CO01892,2024,manufacturing,37,23302,23.39,15.64
CO01893,2011,services,78,190572,10.82,30.99
CO01894,2019,manufacturing,27,97024,26.09,24.08
CO01895,2021,healthcare,156,213232,12.87,35.64
CO01896,2023,manufacturing,7,2182936,12.52,21.01
CO01897,2022,services,86,413346,14.67,24.84
CO01898,2018,healthcare,37,435132,17.75,24.87
CO01899,2021,healthcare,12,497638,26.82,50.01
CO01900,2023,retail,233,10000,13.73,0.21
CO01901,2023,retail,210,21364,27.9,24.95
CO01902,2018,services,5,204715,11.81,40.94
CO01903,2023,manufacturing,40,81972,9.74,16.07
CO01904,2024,manufacturing,67,278291,8.85,13.11
CO01905,2018,services,52,7335651,0.63,31.66
CO01906,2023,services,151,381208,25.47,30.49
CO01907,2024,healthcare,122,31434,2.38,30.22
CO01908,2022,retail,43,90562,10.03,18.73
CO01909,2023,services,323,13539905,7.51,24.7
CO01910,2021,retail,85,9482778,22.33,34.27
CO01911,2021,healthcare,23,1456803,27.98,50.01
CO01912,2021,tech,19,19438,24.5,61.42
CO01913,2022,services,115,817176,9.6,33.13
CO01914,2023,tech,15,953022,13.67,51.79
CO01915,2023,healthcare,22,465599,7.41,33.49
CO01916,2022,healthcare,26,141489,27.72,48.84
CO01917,2019,healthcare,47,214215,3.56,32.43
CO01918,2021,services,27,123077,28.56,42.5
CO01919,2022,manufacturing,9,44795,24.41,34.89
CO01920,2023,retail,106,6796889,21.35,31.31
CO01921,2020,healthcare,22,2583427,23.22,45.26
CO01922,2023,manufacturing,250,250231,10.18,11.11
CO01923,2018,healthcare,45,894800,8.88,35.04
CO01924,2014,services,118,964535,11.44,33.92
CO01925,2023,services,62,47954687,5.45,33.56
CO01926,2020,retail,123,2533563,22.39,45.95
CO01927,2024,manufacturing,59,2349091,14.25,48.8
CO01928,2020,manufacturing,42,477329,26.57,27.75
CO01929,2015,services,99,185563,26.35,41.12
CO01930,2024,services,398,7028054,4.68,28.64
CO01931,2017,tech,25,1630739,6.56,42.32
CO01932,2012,retail,73,84197,12.32,18.89
CO01933,2018,tech,33,1096608,3.56,56.05
CO01934,2022,manufacturing,55,2361416,20.68,36.24
CO01935,2018,services,35,10000,22.13,38.27
CO01936,2021,retail,5,69928,21.64,45.61
CO01937,2019,services,27,913948,14.11,43.61
CO01938,2019,tech,90,10000,25.3,44.72
CO01939,2020,healthcare,15,12935,18.18,32.04
CO01940,2021,services,83,257577,29.81,37.59
CO01941,2021,services,40,1182437,24.46,52.05
CO01942,2024,services,27,1297003,21.67,47.1
CO01943,2019,retail,82,10478112,3.7,26.47
CO01944,2021,healthcare,65,521532,24.98,59.82
CO01945,2024,services,50,209964,9.17,31.03
CO01946,2023,tech,91,32379,12.57,48.01
CO01947,2020,healthcare,41,204995,13.88,41.74
CO01948,2014,services,6,1821295,9.94,52.49
CO01949,2021,retail,23,1993583,3.25,34.14
CO01950,2023,healthcare,5,751057,5.98,39.39
CO01951,2022,retail,64,1321436,24.1,34.97
CO01952,2018,services,81,5681734,19.57,40.09
CO01953,2024,services,85,514290,28.29,35.72
CO01954,2018,healthcare,54,6815007,24.63,38.1
CO01955,2015,manufacturing,87,103435,12.07,23.88
CO01956,2022,healthcare,7,382092,23.59,42.67
CO01957,2022,retail,30,169114,17.29,27.6
CO01958,2020,healthcare,8,2159549,8.59,40.77
CO01959,2015,retail,23,58164,29.25,37.29
CO01960,2021,healthcare,167,232458,27.85,42.13
CO01961,2024,services,99,10728,3.37,37.77
CO01962,2017,services,64,1452435,25.18,47.36
CO01963,2024,tech,28,5355210,2.33,60.5
CO01964,2024,manufacturing,12,2734381,27.86,32.72
CO01965,2022,tech,40,2247334,18.72,56.58
CO01966,2022,healthcare,101,2370948,5.0,33.01
CO01967,2018,retail,50,1792976,24.52,33.05
CO01968,2023,healthcare,7,1511769,15.47,61.69
CO01969,2024,healthcare,37,1719986,1.79,30.5
CO01970,2024,tech,5,119209,23.95,32.95
CO01971,2023,services,74,296443,23.65,33.32
CO01972,2023,retail,17,509144,14.46,16.25
CO01973,2023,tech,10,226067,21.93,42.75
CO01974,2017,retail,75,19290,1.2,12.57
CO01975,2024,manufacturing,58,37420,9.54,20.37
CO01976,2018,healthcare,42,700782,20.2,28.18
CO01977,2021,services,296,2707542,6.92,33.96
CO01978,2022,retail,62,450757,13.51,14.89
CO01979,2020,retail,17,50000000,27.96,43.55
CO01980,2019,retail,56,70296,24.8,30.96
CO01981,2021,services,25,1077209,16.74,45.64
CO01982,2024,manufacturing,118,5852650,17.3,30.44
CO01983,2017,tech,44,3727894,26.61,64.2
CO01984,2020,tech,48,1639880,25.89,50.31
CO01985,2022,tech,8,3762175,2.65,40.46
CO01986,2024,healthcare,35,494246,13.97,44.62
CO01987,2019,manufacturing,31,12308042,5.73,34.45
CO01988,2024,manufacturing,12,5759252,2.5,31.05
CO01989,2021,services,27,80462,8.77,34.43
CO01990,2019,tech,51,841663,18.32,50.35
CO01991,2023,tech,33,20038,23.83,47.19
CO01992,2022,retail,8,9281910,27.37,45.9
CO01993,2015,retail,25,692776,12.69,47.76
CO01994,2013,services,21,6566855,12.67,37.39
CO01995,2018,healthcare,40,355501,4.6,33.12
CO01996,2024,services,36,10801,5.85,24.1
CO01997,2015,healthcare,22,50000000,3.07,45.04
CO01998,2022,manufacturing,21,575029,29.28,17.74
CO01999,2021,retail,35,59849,3.83,22.63
CO02000,2019,retail,87,4375470,22.7,43.27
